,ticker,year,resultado
0,MOSI3,2021,16.871785714285714
1,MOSI3,2022,7.84433962264151
2,EEEL4,2019,117.7009090909091
3,EEEL4,2020,158.2307407407407
4,EEEL4,2021,251.60399999999998
5,EEEL4,2022,360.2175
6,AZUL4,2019,46.40449494949495
7,AZUL4,2020,29.549116465863452
8,AZUL4,2021,37.0234008097166
9,AZUL4,2022,18.17172
10,AZUL4,2023,14.35100806451613
11,AZUL4,2024,13.022692307692306
12,BSEV3,2019,2.5853807106598983
13,BSEV3,2020,4.0948995983935745
14,BSEV3,2021,8.081333333333333
15,PRNR3,2020,9.58589861751152
16,PRNR3,2021,8.188906882591093
17,PRNR3,2022,6.15568
18,PRNR3,2023,9.594959677419356
19,PRNR3,2024,11.547735849056604
20,PGMN3,2020,7.812962962962963
21,PGMN3,2021,9.432753036437246
22,PGMN3,2022,5.72356
23,PGMN3,2023,3.2958467741935484
24,PGMN3,2024,3.0590384615384614
25,HAPV3,2019,8.857323232323232
26,HAPV3,2020,12.03887550200803
27,HAPV3,2021,14.528097165991904
28,HAPV3,2022,8.18368
29,HAPV3,2023,4.011733870967742
30,HAPV3,2024,3.8901886792452833
31,CASN3,2019,10.770000000000001
32,CASN3,2020,11.09
33,CASN3,2021,12.68
34,CASN3,2022,11.78
35,CASN3,2023,9.61
36,SPRI3,2019,10.285866666666667
37,SPRI3,2020,11.866782608695653
38,MNPR3,2019,5.021036269430051
39,MNPR3,2020,5.465358649789029
40,MNPR3,2021,10.761740890688259
41,MNPR3,2022,6.6327642276422765
42,MNPR3,2023,12.320209205020921
43,MNPR3,2024,20.410454545454545
44,GPAR3,2019,32.0459375
45,GPAR3,2020,24.260983606557378
46,GPAR3,2021,48.93105263157895
47,GPAR3,2022,30.821951219512197
48,GPAR3,2023,44.52470588235294
49,GPAR3,2024,42.77
50,MNDL3,2019,33.72761904761905
51,MNDL3,2020,25.424745762711865
52,MNDL3,2021,42.4113488372093
53,MNDL3,2022,30.005462962962966
54,MNDL3,2023,50.79897959183673
55,MNDL3,2024,44.47973684210526
56,CASN4,2019,7.05
57,CASN4,2020,6.465
58,SPRI6,2019,10.108387096774194
59,SPRI6,2020,11.825769230769232
60,NINJ3,2021,13.790000000000001
61,NINJ3,2022,3.40068
62,NINJ3,2023,3.5720564516129034
63,NINJ3,2024,5.016923076923077
64,SPRI5,2019,9.299473684210525
65,SPRI5,2020,10.699622641509436
66,FNCN3,2021,15.145714285714286
67,FNCN3,2022,13.667333333333334
68,ELET5,2019,40.53235294117647
69,ELET5,2020,36.732894736842105
70,ELET5,2021,62.87148148148148
71,ELET5,2023,74.14076923076924
72,ELET5,2024,91.0025
73,ENMT3,2019,21.912750000000003
74,ENMT3,2020,23.8713125
75,ENMT3,2021,53.856213592233004
76,ENMT3,2022,75.45793296089386
77,ENMT3,2023,62.6384076433121
78,ENMT3,2024,72.654
79,AVLL3,2020,26.897499999999997
80,AVLL3,2021,26.34117886178862
81,AVLL3,2022,20.397083333333335
82,AVLL3,2023,5.384372093023257
83,AVLL3,2024,4.876818181818182
84,ENMT4,2019,24.003728813559324
85,ENMT4,2020,24.180820895522388
86,ENMT4,2021,54.22573529411765
87,ENMT4,2022,75.91462962962963
88,ENMT4,2023,64.40064102564102
89,ENMT4,2024,72.87899999999999
90,LCAM3,2019,15.490454545454545
91,LCAM3,2020,19.735542168674698
92,LCAM3,2021,25.21834008097166
93,LCAM3,2022,24.25912
94,ITEC3,2019,46.42071428571428
95,CXSE3,2021,8.324733727810651
96,CXSE3,2022,7.03992
97,CXSE3,2023,9.665080645161291
98,CXSE3,2024,14.278461538461539
99,SNSY3,2020,37.094
100,SNSY3,2021,15.977200000000002
101,SNSY3,2022,6.948192771084338
102,SNSY3,2023,5.120263157894737
103,SNSY3,2024,10.336666666666666
104,NORD3,2019,4.175333333333334
105,NORD3,2020,5.291111111111111
106,NORD3,2021,19.85701030927835
107,NORD3,2022,8.489159663865546
108,NORD3,2023,5.814605263157895
109,NORD3,2024,12.101458333333333
110,SNSY5,2019,2.139310344827586
111,SNSY5,2020,6.539183673469387
112,SNSY5,2021,5.566599190283401
113,SNSY5,2022,3.558333333333333
114,SNSY5,2023,3.5433014354066983
115,SNSY5,2024,4.6274999999999995
116,QGEP3,2019,13.604615384615386
117,SBSP3,2019,45.9429292929293
118,SBSP3,2020,47.7774297188755
119,SBSP3,2021,36.75554655870446
120,SBSP3,2022,45.76272
121,SBSP3,2023,56.14883064516129
122,SBSP3,2024,77.83480769230769
123,RSUL4,2019,9.506153846153847
124,RSUL4,2020,13.700645161290323
125,RSUL4,2021,60.41608695652174
126,RSUL4,2022,67.46336065573772
127,RSUL4,2023,65.77885245901639
128,RSUL4,2024,79.71705882352941
129,SNSY6,2020,10.336666666666666
130,BNBR3,2019,55.64398148148148
131,BNBR3,2020,71.62050561797753
132,BNBR3,2021,62.39288288288288
133,BNBR3,2022,66.98641975308641
134,BNBR3,2023,86.44456790123456
135,BNBR3,2024,117.7311111111111
136,HAGA3,2019,3.8482022471910113
137,HAGA3,2020,3.5585051546391755
138,HAGA3,2021,3.8851219512195123
139,HAGA3,2022,4.670364372469636
140,HAGA3,2023,2.6354771784232365
141,HAGA3,2024,2.603913043478261
142,ALOS3,2019,33.520050505050506
143,ALOS3,2020,29.935421686746988
144,ALOS3,2021,24.40417004048583
145,ALOS3,2022,18.69684
146,ALOS3,2023,21.43366935483871
147,ALOS3,2024,24.57320754716981
148,PFRM3,2019,4.013737373737374
149,PFRM3,2020,5.119558232931727
150,PFRM3,2021,5.587530364372469
151,PFRM3,2022,3.76144
152,PFRM3,2023,3.7727419354838707
153,PFRM3,2024,5.084807692307693
154,MYPK3,2019,16.861010101010102
155,MYPK3,2020,13.039518072289157
156,MYPK3,2021,12.66587044534413
157,MYPK3,2022,13.3626
158,MYPK3,2023,12.359274193548387
159,MYPK3,2024,12.41576923076923
160,MPLU3,2019,26.8008
161,BALM4,2019,10.383214285714287
162,BALM4,2020,11.57043062200957
163,BALM4,2021,14.637772727272727
164,BALM4,2022,10.044871794871796
165,BALM4,2023,9.33718309859155
166,BALM4,2024,10.19
167,POMO3,2019,2.8452020202020205
168,POMO3,2020,2.601566265060241
169,POMO3,2021,2.301336032388664
170,POMO3,2022,2.061
171,POMO3,2023,3.5638306451612904
172,POMO3,2024,5.9557692307692305
173,BOBR3,2020,1.0
174,BALM3,2019,10.66
175,BALM3,2020,15.286249999999999
176,BALM3,2021,17.029316770186334
177,BALM3,2022,12.54093023255814
178,BALM3,2023,9.96054054054054
179,BALM3,2024,10.8025
180,ENMA3B,2019,39.66742857142857
181,ENMA3B,2020,49.798
182,BAUH4,2019,44.455000000000005
183,BAUH4,2020,85.29125
184,BAUH4,2021,86.72948905109489
185,BAUH4,2022,78.34363636363636
186,BAUH4,2023,73.91246376811594
187,BAUH4,2024,80.25190476190475
188,FHER3,2019,2.2338383838383837
189,FHER3,2020,2.911285140562249
190,FHER3,2021,16.392145748987854
191,FHER3,2022,16.45864
192,FHER3,2023,12.681330645161289
193,FHER3,2024,6.519056603773585
194,SANB4,2019,16.172727272727272
195,SANB4,2020,13.501325301204819
196,SANB4,2021,16.96927125506073
197,SANB4,2022,15.08676
198,SANB4,2023,14.80508064516129
199,SANB4,2024,15.531923076923077
200,BRML3,2019,13.792020202020202
201,BRML3,2020,11.379999999999999
202,BRML3,2021,9.344008097165991
203,BRML3,2022,8.755600000000001
204,BRML3,2023,7.9959999999999996
205,ARZZ3,2019,49.11191919191919
206,ARZZ3,2020,51.029598393574304
207,ARZZ3,2021,76.4642105263158
208,ARZZ3,2022,80.87147999999999
209,ARZZ3,2023,69.95245967741936
210,ARZZ3,2024,59.76981132075472
211,PATI3,2019,14.590384615384616
212,PATI3,2020,16.114057971014493
213,PATI3,2021,47.893478260869564
214,PATI3,2022,57.275
215,PATI3,2023,33.38444444444445
216,PATI3,2024,28.234210526315792
217,SMFT3,2021,23.501452991452993
218,SMFT3,2022,15.3312
219,SMFT3,2023,18.873991935483872
220,SMFT3,2024,24.912307692307692
221,ORVR3,2021,25.126467889908255
222,ORVR3,2022,32.781400000000005
223,ORVR3,2023,36.58487903225806
224,ORVR3,2024,35.35320754716981
225,ALPA3,2019,20.209742268041236
226,ALPA3,2020,28.425524193548387
227,ALPA3,2021,38.46943319838057
228,ALPA3,2022,18.85416
229,ALPA3,2023,9.694274193548386
230,ALPA3,2024,9.70679245283019
231,FRIO3,2019,58.34653846153846
232,FRIO3,2020,82.74725490196077
233,FRIO3,2021,67.93219512195121
234,FRIO3,2022,39.38444444444444
235,FRIO3,2023,76.65840579710145
236,FRIO3,2024,290.88675
237,SQIA3,2019,13.614040404040404
238,SQIA3,2020,21.906265060240962
239,SQIA3,2021,21.78263157894737
240,SQIA3,2022,17.548479999999998
241,SQIA3,2023,20.98742857142857
242,CLSC4,2019,35.121510416666666
243,CLSC4,2020,39.92117408906883
244,CLSC4,2021,53.7765991902834
245,CLSC4,2022,51.47164
246,CLSC4,2023,54.056290322580644
247,CLSC4,2024,66.56943396226414
248,ODPV3,2019,14.396060606060606
249,ODPV3,2020,12.78855421686747
250,ODPV3,2021,12.353886639676112
251,ODPV3,2022,9.6296
252,ODPV3,2023,11.042741935483871
253,ODPV3,2024,12.409423076923076
254,IGTA3,2019,43.70070707070707
255,IGTA3,2020,37.31831325301205
256,IGTA3,2021,36.49132420091324
257,COGN3,2019,10.727323232323231
258,COGN3,2020,6.802248995983936
259,COGN3,2021,3.637570850202429
260,COGN3,2022,2.49112
261,COGN3,2023,2.664112903225807
262,COGN3,2024,2.824339622641509
263,MDIA3,2019,34.70358585858586
264,MDIA3,2020,33.68080321285141
265,MDIA3,2021,27.9331983805668
266,MDIA3,2022,30.6472
267,MDIA3,2023,35.73741935483871
268,MDIA3,2024,38.87169811320754
269,WEGE3,2019,10.932121212121212
270,WEGE3,2020,26.238714859437753
271,WEGE3,2021,35.4485020242915
272,WEGE3,2022,30.296200000000002
273,WEGE3,2023,36.54641129032258
274,WEGE3,2024,34.722264150943396
275,NTCO3,2019,29.787121212121214
276,NTCO3,2020,43.06361445783133
277,NTCO3,2021,47.09991902834008
278,NTCO3,2022,17.3334
279,NTCO3,2023,14.629758064516128
280,NTCO3,2024,16.746226415094338
281,CGAS5,2019,59.41773195876289
282,CGAS5,2020,146.3648192771084
283,CGAS5,2021,131.85451219512194
284,CGAS5,2022,118.41148760330579
285,CGAS5,2023,127.42829787234044
286,CGAS5,2024,116.54377358490565
287,TUPY3,2019,17.503131313131313
288,TUPY3,2020,17.371084337349394
289,TUPY3,2021,20.48599190283401
290,TUPY3,2022,22.041040000000002
291,TUPY3,2023,25.230362903225807
292,TUPY3,2024,26.12735849056604
293,GOLL4,2019,32.232070707070704
294,GOLL4,2020,20.61325301204819
295,GOLL4,2021,21.399028340080974
296,GOLL4,2022,12.14316
297,GOLL4,2023,8.06866935483871
298,GOLL4,2024,4.239622641509434
299,SOND3,2019,22.509999999999998
300,SOND3,2021,30.475
301,SOND3,2022,34.43
302,CEAB3,2019,17.139285714285716
303,CEAB3,2020,11.951285140562248
304,CEAB3,2021,10.591093117408906
305,CEAB3,2022,3.68756
306,CEAB3,2023,4.746048387096774
307,CEAB3,2024,8.187547169811321
308,MODL3,2021,6.244013605442177
309,MODL3,2022,3.3997991967871486
310,MODL3,2023,2.150241935483871
311,KEPL3,2019,2.30020202020202
312,KEPL3,2020,3.946746987951807
313,KEPL3,2021,5.337165991902834
314,KEPL3,2022,8.41332
315,KEPL3,2023,9.614193548387098
316,KEPL3,2024,9.909615384615384
317,CSED3,2021,10.668272727272727
318,CSED3,2022,4.441319999999999
319,CSED3,2023,3.654798387096774
320,CSED3,2024,4.437735849056604
321,SBFG3,2019,19.632954545454545
322,SBFG3,2020,31.183775100401608
323,SBFG3,2021,29.012672064777327
324,SBFG3,2022,20.73064
325,SBFG3,2023,9.69108870967742
326,SBFG3,2024,12.271886792452829
327,TRAD3,2021,7.533177570093457
328,TRAD3,2022,4.21368
329,TRAD3,2023,1.2266129032258064
330,TRAD3,2024,0.7881132075471698
331,BRAP3,2019,7.223282828282828
332,BRAP3,2020,9.543775100401607
333,BRAP3,2021,16.3482995951417
334,BRAP3,2022,20.4832
335,BRAP3,2023,21.12056451612903
336,BRAP3,2024,20.812075471698112
337,POMO4,2019,3.205454545454545
338,POMO4,2020,2.8656626506024097
339,POMO4,2021,2.5825910931174088
340,POMO4,2022,2.45948
341,POMO4,2023,4.568629032258064
342,POMO4,2024,7.684807692307692
343,TCSA3,2019,13.466161616161617
344,TCSA3,2020,11.302409638554218
345,TCSA3,2021,6.732186234817814
346,TCSA3,2022,3.00412
347,TCSA3,2023,3.1893548387096775
348,TCSA3,2024,3.152641509433962
349,EEEL3,2019,93.58807692307693
350,EEEL3,2020,128.1186046511628
351,EEEL3,2021,204.84166666666667
352,EEEL3,2022,287.41499999999996
353,TAEE11,2019,17.417121212121213
354,TAEE11,2020,19.92967871485944
355,TAEE11,2021,28.31157894736842
356,TAEE11,2022,34.04756
357,TAEE11,2023,34.17967741935484
358,TAEE11,2024,36.278301886792455
359,BLUT4,2019,0.7897938144329897
360,BLUT4,2020,0.39148594377510043
361,BLUT4,2021,1.5844343891402717
362,BLUT4,2022,2.299447513812155
363,UCAS3,2019,3.0913636363636363
364,UCAS3,2020,3.6751807228915663
365,UCAS3,2021,4.062267206477733
366,UCAS3,2022,2.79824
367,UCAS3,2023,2.470201612903226
368,UCAS3,2024,2.6732075471698113
369,GMAT3,2020,8.222592592592592
370,GMAT3,2021,7.570647773279353
371,GMAT3,2022,5.40676
372,GMAT3,2023,6.63383064516129
373,GMAT3,2024,7.386153846153846
374,BRSR5,2019,18.13595744680851
375,BRSR5,2020,15.982388059701492
376,BRSR5,2021,14.198712871287128
377,BRSR5,2022,15.444430379746834
378,BRSR5,2023,17.21390625
379,BRSR5,2024,17.972857142857144
380,BRGE7,2019,3.33
381,BRGE7,2023,7.773999999999999
382,BRGE7,2024,12.905000000000001
383,QUAL3,2019,23.257424242424243
384,QUAL3,2020,30.655542168674696
385,QUAL3,2021,24.90101214574899
386,QUAL3,2022,11.272879999999999
387,QUAL3,2023,4.110967741935484
388,QUAL3,2024,2.5330769230769232
389,RDNI3,2019,8.616548223350254
390,RDNI3,2020,10.074819277108434
391,RDNI3,2021,10.48331983805668
392,RDNI3,2022,7.5462
393,RDNI3,2023,5.410161290322581
394,RDNI3,2024,4.430566037735849
395,MBLY3,2021,14.184732142857143
396,MBLY3,2022,3.68064
397,MBLY3,2023,3.13008064516129
398,MBLY3,2024,2.0907547169811322
399,TRIS3,2019,7.7117676767676775
400,TRIS3,2020,10.636265060240964
401,TRIS3,2021,7.937854251012146
402,TRIS3,2022,4.2092
403,TRIS3,2023,4.653346774193548
404,TRIS3,2024,4.90377358490566
405,CSAB3,2019,39.966
406,CSAB3,2020,44.025365853658535
407,CSAB3,2021,60.24636363636364
408,CSAB3,2022,45.590625
409,CSAB3,2023,32.11346153846154
410,CSAB3,2024,30.75
411,DXCO3,2019,9.29888888888889
412,DXCO3,2020,11.935100401606427
413,DXCO3,2021,15.877581967213116
414,DXCO3,2022,10.461799999999998
415,DXCO3,2023,7.22758064516129
416,DXCO3,2024,7.845471698113208
417,MWET4,2019,5.073359375
418,MWET4,2020,5.523568075117371
419,MWET4,2021,14.80761316872428
420,MWET4,2022,12.136239316239317
421,MWET4,2023,9.540651162790697
422,MWET4,2024,6.54390243902439
423,CEGR3,2019,67.72999999999999
424,CEGR3,2020,83.7215625
425,CEGR3,2021,89.62628571428571
426,CEGR3,2022,115.4575
427,CEGR3,2023,84.74
428,CEGR3,2024,68.0
429,G2DI33,2021,6.644267515923567
430,G2DI33,2022,3.84508
431,G2DI33,2023,2.0691532258064513
432,G2DI33,2024,1.9884905660377359
433,EMAE4,2019,19.517348066298343
434,EMAE4,2020,28.362208835341363
435,EMAE4,2021,68.59441295546559
436,EMAE4,2022,39.70124497991968
437,EMAE4,2023,57.17420408163265
438,EMAE4,2024,62.81788461538462
439,POSI3,2019,3.441464646464646
440,POSI3,2020,4.693413654618475
441,POSI3,2021,9.061497975708502
442,POSI3,2022,8.294319999999999
443,POSI3,2023,7.383346774193548
444,POSI3,2024,7.389811320754718
445,GBIO33,2019,8.526818181818182
446,GBIO33,2020,9.928
447,BIOM3,2019,7.137020202020201
448,BIOM3,2020,13.97879518072289
449,BIOM3,2021,13.776275303643725
450,BIOM3,2022,8.790722891566265
451,BIOM3,2023,5.024112903225807
452,BIOM3,2024,6.899811320754717
453,SHOW3,2019,5.730505050505051
454,SHOW3,2020,3.1286345381526104
455,SHOW3,2021,4.600161943319838
456,SHOW3,2022,3.17168
457,SHOW3,2023,2.3376209677419357
458,SHOW3,2024,2.066730769230769
459,GETT11,2021,3.984509803921569
460,GETT11,2022,4.119317269076306
461,REDE3,2019,5.48544502617801
462,REDE3,2020,7.4298717948717945
463,REDE3,2021,6.373446808510638
464,REDE3,2022,5.23865470852018
465,REDE3,2023,5.454936708860759
466,REDE3,2024,6.9
467,JOPA3,2019,22.174285714285716
468,JOPA3,2020,29.0803125
469,JOPA3,2021,31.7148
470,JOPA3,2022,22.532179487179487
471,JOPA3,2023,21.256344086021503
472,JOPA3,2024,21.965
473,SHUL4,2019,1.9004040404040403
474,SHUL4,2020,2.599437751004016
475,SHUL4,2021,4.18753036437247
476,SHUL4,2022,4.26572
477,SHUL4,2023,5.929112903225807
478,SHUL4,2024,6.747169811320755
479,LOGN3,2019,14.846818181818183
480,LOGN3,2020,16.727389558232932
481,LOGN3,2021,18.485627530364372
482,LOGN3,2022,30.34416
483,LOGN3,2023,42.248145161290324
484,LOGN3,2024,38.36924528301887
485,DTCY3,2019,3.6087719298245613
486,DTCY3,2020,6.3558125
487,DTCY3,2021,9.5571875
488,DTCY3,2022,6.375
489,DTCY3,2023,5.043414634146341
490,DTCY3,2024,5.058666666666666
491,VITT3,2021,10.423086419753087
492,VITT3,2022,11.61968
493,VITT3,2023,10.984758064516129
494,VITT3,2024,8.316981132075473
495,ASAI3,2021,16.096999999999998
496,ASAI3,2022,16.09812
497,ASAI3,2023,14.02274193548387
498,ASAI3,2024,14.001132075471697
499,AALR3,2019,16.287676767676768
500,AALR3,2020,12.649397590361446
501,AALR3,2021,11.809028340080971
502,AALR3,2022,19.21952
503,AALR3,2023,17.890806451612903
504,AALR3,2024,8.33433962264151
505,ECOR3,2019,11.631919191919192
506,ECOR3,2020,12.993333333333334
507,ECOR3,2021,10.641417004048582
508,ECOR3,2022,6.03208
509,ECOR3,2023,6.609435483870969
510,ECOR3,2024,9.098301886792452
511,HETA4,2019,6.122622950819673
512,HETA4,2020,7.493909090909091
513,HETA4,2021,11.590752212389381
514,HETA4,2022,5.979195979899497
515,HETA4,2023,5.378583333333333
516,HETA4,2024,6.517837837837837
517,CTKA4,2019,8.50172972972973
518,CTKA4,2020,13.261851851851851
519,CTKA4,2021,21.389095238095237
520,CTKA4,2022,10.982234042553191
521,CTKA4,2023,11.641666666666667
522,CTKA4,2024,17.896
523,SEDU3,2019,22.804418604651165
524,OIBR4,2019,15.203535353535354
525,OIBR4,2020,18.34979919678715
526,OIBR4,2021,20.81093117408907
527,OIBR4,2022,10.8596
528,OIBR4,2023,2.5791532258064516
529,OIBR4,2024,1.8345283018867926
530,MTSA4,2019,15.612727272727273
531,MTSA4,2020,19.111204819277106
532,MTSA4,2021,34.14489795918367
533,MTSA4,2022,36.26983263598326
534,MTSA4,2023,43.88886554621848
535,MTSA4,2024,49.30711538461538
536,GGPS3,2021,16.535872093023258
537,GGPS3,2022,13.64456
538,GGPS3,2023,15.341290322580644
539,GGPS3,2024,18.39730769230769
540,BRAP4,2019,8.139444444444443
541,BRAP4,2020,10.820120481927711
542,BRAP4,2021,18.806923076923077
543,BRAP4,2022,22.659119999999998
544,BRAP4,2023,23.00858870967742
545,BRAP4,2024,22.3088679245283
546,MRFG3,2019,6.039242424242424
547,MRFG3,2020,9.460923694779117
548,MRFG3,2021,14.639514170040487
549,MRFG3,2022,12.81296
550,MRFG3,2023,7.379798387096774
551,MRFG3,2024,9.40673076923077
552,MGLU3,2019,8.22090909090909
553,MGLU3,2020,18.032409638554217
554,MGLU3,2021,18.539230769230766
555,MGLU3,2022,4.45988
556,MGLU3,2023,3.017338709677419
557,MGLU3,2024,2.068867924528302
558,CBEE3,2019,19.82133333333333
559,CBEE3,2020,17.102882882882884
560,CBEE3,2021,22.010816326530612
561,CBEE3,2022,18.91076923076923
562,CBEE3,2023,14.0935
563,CBEE3,2024,12.995555555555557
564,FESA3,2019,6.304102564102564
565,FESA3,2020,6.216
566,FESA3,2021,11.3651912568306
567,FESA3,2022,12.753461538461538
568,FESA3,2023,14.939538461538461
569,FESA3,2024,14.999166666666667
570,MTIG4,2019,78.51851851851852
571,MTIG4,2020,43.035405405405406
572,MTIG4,2021,48.672285714285714
573,MTIG4,2022,32.387499999999996
574,CPLE11,2021,26.610813953488375
575,CPLE11,2022,32.13196
576,CPLE11,2023,39.110081632653056
577,ENGI11,2019,41.209848484848486
578,ENGI11,2020,42.2289156626506
579,ENGI11,2021,41.73097165991903
580,ENGI11,2022,41.75244
581,ENGI11,2023,45.05137096774193
582,ENGI11,2024,51.02849056603774
583,BPHA3,2019,1.375593220338983
584,CEPE3,2020,59.21
585,ETER3,2019,1.9620202020202022
586,ETER3,2020,5.013493975903614
587,ETER3,2021,16.434777327935223
588,ETER3,2022,11.798879999999999
589,ETER3,2023,9.423629032258065
590,ETER3,2024,7.269056603773585
591,PDTC3,2019,2.81510101010101
592,PDTC3,2020,4.251124497991968
593,PDTC3,2021,6.563036437246963
594,PDTC3,2022,4.2561599999999995
595,PDTC3,2023,2.613024193548387
596,PDTC3,2024,3.145576923076923
597,WLMM3,2019,7.858367346938776
598,WLMM3,2020,14.383101265822786
599,WLMM3,2021,24.857388059701492
600,WLMM3,2022,23.091379310344827
601,WLMM3,2023,23.72
602,WLMM3,2024,23.385454545454547
603,JBSS3,2019,19.549848484848486
604,JBSS3,2020,18.190562248995985
605,JBSS3,2021,26.395425101214574
606,JBSS3,2022,28.30436
607,JBSS3,2023,18.868104838709677
608,JBSS3,2024,23.25
609,BRGE6,2019,11.07391304347826
610,BRGE6,2020,18.51294117647059
611,BRGE6,2021,12.548125
612,BRGE6,2022,10.287272727272727
613,BRGE6,2023,10.071190476190477
614,BRGE6,2024,12.236818181818181
615,PNVL3,2019,13.762291666666668
616,PNVL3,2020,23.057489361702128
617,PNVL3,2021,17.077894736842104
618,PNVL3,2022,11.3964
619,PNVL3,2023,11.228387096774194
620,PNVL3,2024,12.096538461538461
621,CTSA4,2019,7.897177914110429
622,CTSA4,2020,8.76890829694323
623,CTSA4,2021,8.262672064777327
624,CTSA4,2022,3.5302399999999996
625,CTSA4,2023,1.9372064777327935
626,CTSA4,2024,1.8750943396226414
627,AMAR3,2019,42.98232323232323
628,AMAR3,2020,41.90863453815261
629,AMAR3,2021,30.53846153846154
630,AMAR3,2022,12.055
631,AMAR3,2023,3.8811693548387094
632,AMAR3,2024,2.645283018867924
633,MSPA3,2019,47.58583333333333
634,MSPA3,2020,48.464166666666664
635,MSPA3,2021,48.2675
636,MSPA3,2022,49.195
637,MSPA3,2023,46.19
638,MSPA3,2024,44.06666666666666
639,ALPK3,2020,9.566455696202532
640,ALPK3,2021,7.0397165991902835
641,ALPK3,2022,3.02364
642,ALPK3,2023,3.242983870967742
643,ALPK3,2024,4.5460377358490565
644,DESK3,2021,20.50339285714286
645,DESK3,2022,11.81628
646,DESK3,2023,11.878266129032259
647,DESK3,2024,13.426792452830188
648,GFSA3,2019,48.80818181818182
649,GFSA3,2020,43.74775100401607
650,GFSA3,2021,32.86404858299595
651,GFSA3,2022,11.70124
652,GFSA3,2023,6.905120967741936
653,GFSA3,2024,9.945283018867926
654,ALPA4,2019,22.313535353535354
655,ALPA4,2020,32.789558232931725
656,ALPA4,2021,44.6919028340081
657,ALPA4,2022,21.71184
658,ALPA4,2023,9.516653225806452
659,ALPA4,2024,9.180943396226414
660,CBAV3,2021,11.922068965517242
661,CBAV3,2022,13.25108
662,CBAV3,2023,6.029637096774193
663,CBAV3,2024,4.150377358490566
664,HAGA4,2019,1.6876767676767679
665,HAGA4,2020,2.013413654618474
666,HAGA4,2021,2.4297975708502024
667,HAGA4,2022,1.49708
668,HAGA4,2023,1.1618951612903226
669,HAGA4,2024,1.1058490566037735
670,SRNA3,2021,12.61
671,SRNA3,2022,10.87528
672,SRNA3,2023,9.596532258064517
673,SRNA3,2024,9.499622641509434
674,OIBR3,2019,12.783333333333333
675,OIBR3,2020,12.82730923694779
676,OIBR3,2021,14.46923076923077
677,OIBR3,2022,5.7844
678,OIBR3,2023,1.0271370967741935
679,OIBR3,2024,0.8113461538461538
680,LOGG3,2019,19.826161616161617
681,LOGG3,2020,26.72184738955823
682,LOGG3,2021,25.738461538461536
683,LOGG3,2022,21.25184
684,LOGG3,2023,18.83584677419355
685,LOGG3,2024,21.00943396226415
686,BRGE8,2019,5.724117647058824
687,BRGE8,2020,7.384659090909091
688,BRGE8,2021,8.875573770491803
689,BRGE8,2022,8.267894736842106
690,BRGE8,2023,9.7932
691,BRGE8,2024,11.73
692,JOPA4,2019,21.95375
693,JOPA4,2020,25.0525
694,JOPA4,2021,47.48761904761905
695,JOPA4,2022,35.135000000000005
696,JOPA4,2023,34.49
697,JOPA4,2024,35.0
698,BEEF11,2019,3.7419696969696967
699,BEEF11,2020,6.3263855421686745
700,BEEF11,2021,4.490593220338983
701,CTSA3,2019,6.522931937172776
702,CTSA3,2020,9.194938775510204
703,CTSA3,2021,10.071417004048582
704,CTSA3,2022,6.329317269076305
705,CTSA3,2023,3.103673469387755
706,CTSA3,2024,3.7439622641509436
707,LVTC3,2021,19.94348623853211
708,LVTC3,2022,9.19236
709,LVTC3,2023,5.494314516129032
710,LVTC3,2024,3.9454716981132076
711,CRPG5,2019,21.29828282828283
712,CRPG5,2020,18.758032128514056
713,CRPG5,2021,61.77263157894737
714,CRPG5,2022,33.93624
715,CRPG5,2023,35.07104838709678
716,CRPG5,2024,36.257924528301885
717,EMAE3,2019,9.769285714285715
718,ELEK3,2019,15.713333333333335
719,ELEK3,2020,18.570930232558137
720,TXRX4,2019,3.2388957055214727
721,TXRX4,2020,8.015322580645162
722,TXRX4,2021,9.34669603524229
723,TXRX4,2022,4.827037037037037
724,TXRX4,2023,3.270914634146341
725,TXRX4,2024,2.988181818181818
726,ZAMP3,2019,19.97449494949495
727,ZAMP3,2020,11.722369477911647
728,ZAMP3,2021,9.470242914979757
729,ZAMP3,2022,6.64376
730,ZAMP3,2023,5.0939112903225805
731,ZAMP3,2024,4.69622641509434
732,CASH3,2020,19.205263157894734
733,CASH3,2021,57.59676113360324
734,CASH3,2022,16.892799999999998
735,CASH3,2023,8.42725806451613
736,CASH3,2024,7.725471698113207
737,ANIM3,2019,6.977929292929294
738,ANIM3,2020,9.570682730923695
739,ANIM3,2021,10.29506072874494
740,ANIM3,2022,5.76576
741,ANIM3,2023,3.5344758064516126
742,ANIM3,2024,4.576415094339623
743,OPCT3,2021,6.304748858447488
744,OPCT3,2022,2.59592
745,OPCT3,2023,4.3275
746,OPCT3,2024,5.819999999999999
747,B3SA3,2019,11.498131313131314
748,B3SA3,2020,14.811124497991967
749,B3SA3,2021,14.42008097165992
750,B3SA3,2022,12.26924
751,B3SA3,2023,12.544959677419355
752,B3SA3,2024,13.090566037735849
753,BGIP4,2019,28.851349206349205
754,BGIP4,2020,22.0936036036036
755,BGIP4,2021,19.39078048780488
756,BGIP4,2022,17.44125
757,BGIP4,2023,19.793205741626792
758,BGIP4,2024,25.298490566037735
759,TEKA3,2019,9.297727272727274
760,TEKA3,2020,23.201612903225808
761,TEKA3,2021,44.48492537313433
762,TEKA3,2022,14.14
763,TEKA3,2024,31.625999999999998
764,TPIS3,2019,5.86489898989899
765,TPIS3,2020,5.314497991967872
766,TPIS3,2021,9.917085020242915
767,TPIS3,2022,5.759399999999999
768,TPIS3,2023,3.6948387096774193
769,TPIS3,2024,3.9643396226415093
770,CSRN6,2019,11.3275
771,CSRN6,2020,12.05
772,CSRN6,2021,15.773855421686747
773,CSRN6,2022,17.263461538461538
774,CSRN6,2023,22.33942857142857
775,CSRN6,2024,25.598333333333333
776,BRGE3,2019,6.487500000000001
777,BRGE3,2020,9.318070175438598
778,BRGE3,2021,8.98237037037037
779,BRGE3,2022,7.37349593495935
780,BRGE3,2023,9.945529411764706
781,BRGE3,2024,12.024230769230769
782,SANB3,2019,17.64621212121212
783,SANB3,2020,12.810200803212851
784,SANB3,2021,15.399433198380565
785,SANB3,2022,13.566600000000001
786,SANB3,2023,13.057620967741935
787,SANB3,2024,13.77377358490566
788,PDGR3,2019,582.4848484848485
789,PDGR3,2020,469.6787148594378
790,PDGR3,2021,425.7044534412955
791,PDGR3,2022,98.744
792,PDGR3,2023,5.836411290322581
793,PDGR3,2024,0.35884615384615387
794,BRKM3,2019,29.558324873096446
795,BRKM3,2020,21.27722891566265
796,BRKM3,2021,41.3095951417004
797,BRKM3,2022,37.855760000000004
798,BRKM3,2023,22.539516129032258
799,BRKM3,2024,19.75754716981132
800,UNIP6,2019,19.536262626262626
801,UNIP6,2020,18.33626506024096
802,UNIP6,2021,54.16902834008097
803,UNIP6,2022,82.24424
804,UNIP6,2023,74.20987903225806
805,UNIP6,2024,69.75169811320755
806,IGTI3,2019,4.203737373737374
807,IGTI3,2020,3.5904819277108433
808,IGTI3,2021,0.3840080971659919
809,IGTI3,2022,2.5329200000000003
810,IGTI3,2023,2.6221774193548386
811,IGTI3,2024,2.9382692307692304
812,TESA3,2019,15.43469696969697
813,TESA3,2020,17.313775100401607
814,TESA3,2021,39.36727272727273
815,BRGE5,2019,11.745925925925926
816,BRGE5,2020,15.481176470588236
817,BRGE5,2021,13.92782608695652
818,BRGE5,2022,9.226153846153846
819,BRGE5,2023,10.536666666666667
820,BRGE5,2024,12.646666666666667
821,PLPL3,2020,7.862253521126761
822,PLPL3,2021,4.813846153846153
823,PLPL3,2022,2.9244
824,PLPL3,2023,7.695927419354838
825,PLPL3,2024,12.204905660377358
826,DIRR3,2019,9.22949494949495
827,DIRR3,2020,11.30016064257028
828,DIRR3,2021,11.619514170040485
829,DIRR3,2022,11.92292
830,DIRR3,2023,17.65491935483871
831,DIRR3,2024,22.692830188679245
832,OMGE3,2019,28.11964646464646
833,OMGE3,2020,35.71995983935743
834,OMGE3,2021,36.281810699588476
835,WHRL4,2019,4.083403141361257
836,WHRL4,2020,6.3425301204819275
837,WHRL4,2021,7.356882591093118
838,WHRL4,2022,5.03172
839,WHRL4,2023,4.25649193548387
840,WHRL4,2024,4.529622641509434
841,FIQE3,2021,6.41537037037037
842,FIQE3,2022,4.3494399999999995
843,FIQE3,2023,3.604032258064516
844,FIQE3,2024,3.930754716981132
845,BEES3,2019,4.6714646464646465
846,BEES3,2020,4.8723293172690765
847,BEES3,2021,4.433076923076923
848,BEES3,2022,4.8988000000000005
849,BEES3,2023,7.602701612903226
850,BEES3,2024,9.475471698113207
851,GUAR3,2019,17.41520202020202
852,GUAR3,2020,16.773293172690764
853,GUAR3,2021,14.622307692307693
854,GUAR3,2022,9.04416
855,GUAR3,2023,5.604516129032258
856,GUAR3,2024,5.833396226415094
857,BRBI11,2021,17.98097744360902
858,BRBI11,2022,13.485479999999999
859,BRBI11,2023,11.977379032258064
860,BRBI11,2024,15.819056603773584
861,BRGE11,2019,6.076428571428571
862,BRGE11,2020,10.870212765957445
863,BRGE11,2021,9.55890410958904
864,BRGE11,2022,7.020769230769231
865,BRGE11,2023,9.784782608695652
866,BRGE11,2024,11.9125
867,CRPG3,2019,17.79625
868,CRPG3,2020,15.97171875
869,CRPG3,2021,41.19547619047619
870,CRPG3,2022,45.47266666666667
871,CRPG3,2023,45.58571428571429
872,CRPG3,2024,39.1425
873,MELK3,2020,5.96859375
874,MELK3,2021,4.272105263157895
875,MELK3,2022,3.29284
876,MELK3,2023,3.60133064516129
877,MELK3,2024,4.562452830188679
878,ODER4,2021,2216.38
879,ODER4,2023,93.475
880,MRSA5B,2019,9.08
881,MRSA5B,2020,21.32384615384615
882,MRSA5B,2021,41.21666666666667
883,MRSA5B,2022,26.515384615384615
884,MRSA5B,2023,24.868571428571425
885,MRSA5B,2024,23.126666666666665
886,VLID3,2019,12.651262626262625
887,VLID3,2020,9.47124497991968
888,VLID3,2021,7.933846153846154
889,VLID3,2022,9.20992
890,VLID3,2023,13.679032258064517
891,VLID3,2024,19.979811320754717
892,CCXC3,2019,2.2006770833333333
893,CCXC3,2020,1.6416666666666666
894,NGRD3,2020,5.8
895,NGRD3,2021,6.007044534412955
896,NGRD3,2022,2.04424
897,NGRD3,2023,1.398266129032258
898,NGRD3,2024,1.1440384615384616
899,BIDI11,2019,16.890442477876107
900,BIDI11,2020,16.76140562248996
901,BIDI11,2021,55.65372469635627
902,BIDI11,2022,18.98304347826087
903,INTB3,2021,24.956622222222222
904,INTB3,2022,28.18452
905,INTB3,2023,23.784798387096775
906,INTB3,2024,20.81153846153846
907,CRIV3,2019,6.14859872611465
908,CRIV3,2020,5.480762711864407
909,CRIV3,2021,5.428316831683168
910,CRIV3,2022,4.292295918367347
911,CRIV3,2023,5.419855072463768
912,CRIV3,2024,6.16
913,AHEB6,2020,24.55636363636364
914,AHEB6,2021,32.10454545454545
915,AHEB6,2022,29.302
916,AHEB6,2023,18.81875
917,BBSE3,2019,22.406969696969696
918,BBSE3,2020,21.672008032128513
919,BBSE3,2021,18.62222672064777
920,BBSE3,2022,22.623639999999998
921,BBSE3,2023,30.09024193548387
922,BBSE3,2024,32.91452830188679
923,EZTC3,2019,30.01166666666667
924,EZTC3,2020,37.17935742971888
925,EZTC3,2021,26.97991902834008
926,EZTC3,2022,17.10424
927,EZTC3,2023,16.951370967741934
928,EZTC3,2024,16.240188679245282
929,WIZC3,2019,9.172626262626263
930,WIZC3,2020,9.67008032128514
931,WIZC3,2021,10.164574898785425
932,WIZC3,2022,7.751399999999999
933,WIZC3,2023,6.043749999999999
934,WIZC3,2024,6.462830188679245
935,MSPA4,2019,49.875
936,MSPA4,2020,46.79
937,MSPA4,2021,45.586666666666666
938,MSPA4,2022,45.044285714285714
939,MSPA4,2023,40.2325
940,MSPA4,2024,39.285714285714285
941,BDLL3,2019,32.505
942,BDLL3,2020,24.73857142857143
943,BDLL3,2021,11.514207650273223
944,BDLL3,2022,11.151874999999999
945,BDLL3,2023,11.562333333333333
946,BDLL3,2024,13.0
947,BGIP3,2019,31.157777777777778
948,BGIP3,2020,36.76859649122807
949,BGIP3,2021,29.8775
950,BGIP3,2022,25.644186046511628
951,BGIP3,2023,24.5932967032967
952,BGIP3,2024,27.003499999999995
953,RAIL3,2019,21.487424242424243
954,RAIL3,2020,21.102248995983935
955,RAIL3,2021,19.24506072874494
956,RAIL3,2022,17.72864
957,RAIL3,2023,21.112379032258065
958,RAIL3,2024,22.76826923076923
959,AHEB5,2019,30.509999999999998
960,AHEB5,2020,21.54222222222222
961,AHEB5,2021,21.15285714285714
962,AHEB5,2023,17.602
963,AHEB5,2024,16.6025
964,IGTI4,2022,8.305714285714286
965,IGTI4,2023,8.863804347826088
966,IGTI4,2024,10.344047619047618
967,ADHM3,2019,1.3116410256410258
968,ADHM3,2020,2.1973279352226722
969,AESB3,2019,10.01989898989899
970,AESB3,2020,13.604056224899598
971,AESB3,2021,13.658947368421053
972,AESB3,2022,10.224200000000002
973,AESB3,2023,10.977741935483872
974,AESB3,2024,11.025283018867926
975,VSTE3,2019,23.03878787878788
976,VSTE3,2020,7.623293172690763
977,VSTE3,2021,3.3672469635627533
978,VSTE3,2022,1.597
979,VSTE3,2023,13.88491935483871
980,VSTE3,2024,16.754716981132077
981,MGEL4,2019,6.960807453416149
982,MGEL4,2020,6.4918297872340425
983,MGEL4,2021,14.416970954356845
984,MGEL4,2022,15.37411214953271
985,MGEL4,2023,14.543939393939393
986,MGEL4,2024,14.08195652173913
987,HETA3,2019,4.01
988,HETA3,2021,102.55199999999999
989,HETA3,2022,96.0
990,BRGE12,2019,4.674268292682927
991,BRGE12,2020,6.1390532544378695
992,BRGE12,2021,6.310601503759398
993,BRGE12,2022,7.497804878048781
994,BRGE12,2023,9.84290909090909
995,BRGE12,2024,11.8375
996,BRKM5,2019,29.302929292929292
997,BRKM5,2020,20.624859437751006
998,BRKM5,2021,42.704251012145754
999,BRKM5,2022,37.68432
1000,BRKM5,2023,21.863145161290323
1001,BRKM5,2024,19.347169811320757
1002,ESPA3,2021,15.25438596491228
1003,ESPA3,2022,3.18416
1004,ESPA3,2023,1.3873387096774195
1005,ESPA3,2024,1.0532075471698112
1006,TOTS3,2019,16.49631313131313
1007,TOTS3,2020,23.62899598393574
1008,TOTS3,2021,32.7448987854251
1009,TOTS3,2022,28.72944
1010,TOTS3,2023,28.668870967741935
1011,TOTS3,2024,31.3711320754717
1012,CLSA3,2021,20.30942857142857
1013,CLSA3,2022,6.08856
1014,CLSA3,2023,5.152540322580645
1015,CLSA3,2024,3.6098113207547167
1016,RECV3,2021,16.131393939393938
1017,RECV3,2022,24.38376
1018,RECV3,2023,21.954435483870967
1019,RECV3,2024,22.373584905660376
1020,CMIG4,2019,6.611010101010101
1021,CMIG4,2020,5.740963855421687
1022,CMIG4,2021,7.675991902834008
1023,CMIG4,2022,9.471639999999999
1024,CMIG4,2023,11.101048387096775
1025,CMIG4,2024,11.681132075471698
1026,PEAB4,2019,31.192222222222224
1027,PEAB4,2020,51.36596153846154
1028,PEAB4,2021,66.03625000000001
1029,PEAB4,2022,72.48727272727274
1030,PEAB4,2023,59.87739130434783
1031,PEAB4,2024,47.480000000000004
1032,PETR4,2019,10.155454545454546
1033,PETR4,2020,8.392530120481927
1034,PETR4,2021,10.71497975708502
1035,PETR4,2022,17.753400000000003
1036,PETR4,2023,26.797540322580645
1037,PETR4,2024,39.592452830188684
1038,CEPE5,2019,17.611538461538462
1039,CEPE5,2020,23.110833333333332
1040,CEPE5,2021,26.211935483870967
1041,CEPE5,2022,35.4627027027027
1042,MRVE3,2019,15.579191919191919
1043,MRVE3,2020,16.156506024096384
1044,MRVE3,2021,14.481538461538461
1045,MRVE3,2022,10.064680000000001
1046,MRVE3,2023,9.518387096774193
1047,MRVE3,2024,8.039423076923077
1048,RRRP3,2020,27.421212121212122
1049,RRRP3,2021,38.21206477732793
1050,RRRP3,2022,38.38768
1051,RRRP3,2023,33.09604838709677
1052,RRRP3,2024,28.28264150943396
1053,TELB3,2019,96.88260869565218
1054,TELB3,2020,104.2535185185185
1055,TELB3,2021,65.03237442922375
1056,TELB3,2022,27.74800925925926
1057,TELB3,2023,16.894597156398106
1058,TELB3,2024,15.144255319148936
1059,LEVE3,2019,12.26358585858586
1060,LEVE3,2020,10.63168674698795
1061,LEVE3,2021,15.714534412955464
1062,LEVE3,2022,15.796479999999999
1063,LEVE3,2023,28.488790322580645
1064,LEVE3,2024,34.73698113207547
1065,MAPT3,2019,35.417500000000004
1066,MAPT3,2020,50.01
1067,MAPT3,2021,37.0
1068,MAPT3,2022,37.5
1069,MAPT3,2023,30.05
1070,MAPT3,2024,15.417142857142858
1071,SAPR11,2019,22.44141414141414
1072,SAPR11,2020,23.700441767068273
1073,SAPR11,2021,17.535303643724696
1074,SAPR11,2022,17.0652
1075,SAPR11,2023,20.81584677419355
1076,SAPR11,2024,27.24769230769231
1077,NEXP3,2019,4.299393939393939
1078,NEXP3,2020,2.1051004016064256
1079,NEXP3,2021,1.5170040485829959
1080,NEXP3,2022,13.954533333333334
1081,NEXP3,2023,6.377090163934426
1082,NEXP3,2024,4.891960784313726
1083,SMTO3,2019,16.313939393939393
1084,SMTO3,2020,19.19550200803213
1085,SMTO3,2021,29.99890688259109
1086,SMTO3,2022,33.79876
1087,SMTO3,2023,31.48100806451613
1088,SMTO3,2024,27.405849056603774
1089,SHUL3,2021,110.21000000000001
1090,SHUL3,2022,27.6
1091,PINE4,2019,2.6073232323232323
1092,PINE4,2020,2.688152610441767
1093,PINE4,2021,2.127408906882591
1094,PINE4,2022,1.32544
1095,PINE4,2023,2.671693548387097
1096,PINE4,2024,4.426415094339623
1097,PINE3,2023,3.564
1098,PINE3,2024,6.18
1099,IRBR3,2019,932.8575757575757
1100,IRBR3,2020,378.7831325301205
1101,IRBR3,2021,170.82874493927125
1102,IRBR3,2022,65.45519999999999
1103,IRBR3,2023,36.603911290322586
1104,IRBR3,2024,40.70980769230769
1105,MDNE3,2020,9.647397260273973
1106,MDNE3,2021,8.249797570850202
1107,MDNE3,2022,6.18436
1108,MDNE3,2023,8.583064516129031
1109,MDNE3,2024,11.894150943396227
1110,LIGT3,2019,18.89489898989899
1111,LIGT3,2020,16.744899598393573
1112,LIGT3,2021,15.341012145748987
1113,LIGT3,2022,7.36212
1114,LIGT3,2023,5.205846774193549
1115,LIGT3,2024,5.787358490566038
1116,KLBN11,2019,13.67818181818182
1117,KLBN11,2020,18.699357429718876
1118,KLBN11,2021,22.955384615384613
1119,KLBN11,2022,19.70732
1120,KLBN11,2023,20.51959677419355
1121,KLBN11,2024,21.876603773584907
1122,PTBL3,2019,3.5355050505050505
1123,PTBL3,2020,4.057991967871486
1124,PTBL3,2021,10.042024291497976
1125,PTBL3,2022,8.51864
1126,PTBL3,2023,6.569314516129032
1127,PTBL3,2024,6.2320754716981135
1128,INEP3,2019,2.3176020408163267
1129,INEP3,2020,1.7095435684647302
1130,INEP3,2021,10.308704453441296
1131,INEP3,2022,5.719477911646587
1132,INEP3,2023,5.129717741935484
1133,INEP3,2024,3.770192307692308
1134,GRND3,2019,6.216060606060606
1135,GRND3,2020,6.305100401606426
1136,GRND3,2021,7.252510121457489
1137,GRND3,2022,6.44664
1138,GRND3,2023,6.523991935483871
1139,GRND3,2024,6.6211320754716985
1140,LUXM4,2019,4.648875
1141,LUXM4,2020,10.429944751381216
1142,LUXM4,2021,18.394690721649486
1143,LUXM4,2022,20.09806896551724
1144,LUXM4,2023,19.343780487804878
1145,LUXM4,2024,15.84529411764706
1146,TTEN3,2021,9.52310924369748
1147,TTEN3,2022,9.634
1148,TTEN3,2023,11.752016129032258
1149,TTEN3,2024,10.568490566037736
1150,AGRO3,2019,10.340303030303032
1151,AGRO3,2020,13.658232931726907
1152,AGRO3,2021,19.362914979757086
1153,AGRO3,2022,23.40748
1154,AGRO3,2023,23.33616935483871
1155,AGRO3,2024,24.45056603773585
1156,STBP3,2019,4.683838383838384
1157,STBP3,2020,4.420361445783133
1158,STBP3,2021,6.200971659919029
1159,STBP3,2022,6.51628
1160,STBP3,2023,8.4825
1161,STBP3,2024,10.357358490566039
1162,AERI3,2020,7.360882352941176
1163,AERI3,2021,8.998744939271255
1164,AERI3,2022,3.54536
1165,AERI3,2023,1.178991935483871
1166,AERI3,2024,0.7575471698113208
1167,HYPE3,2019,27.43419191919192
1168,HYPE3,2020,29.943172690763053
1169,HYPE3,2021,30.992955465587045
1170,HYPE3,2022,37.78884
1171,HYPE3,2023,39.049435483870965
1172,HYPE3,2024,33.10730769230769
1173,ENJU3,2020,9.933055555555555
1174,ENJU3,2021,9.284817813765182
1175,ENJU3,2022,1.7851199999999998
1176,ENJU3,2023,1.2631048387096775
1177,ENJU3,2024,1.687358490566038
1178,BIDI3,2019,5.737345132743363
1179,BIDI3,2020,5.430803212851406
1180,BIDI3,2021,18.537732793522267
1181,BIDI3,2022,6.268000000000001
1182,BIDI4,2019,4.677727272727273
1183,BIDI4,2020,5.646586345381526
1184,BIDI4,2021,18.50582995951417
1185,BIDI4,2022,6.367739130434782
1186,RPMG3,2019,4.133030303030303
1187,RPMG3,2020,3.201566265060241
1188,RPMG3,2021,3.6043724696356274
1189,RPMG3,2022,2.2758000000000003
1190,RPMG3,2023,2.0989919354838706
1191,RPMG3,2024,2.0725
1192,RAPT3,2019,6.524517766497461
1193,RAPT3,2020,7.666345381526105
1194,RAPT3,2021,10.572145748987856
1195,RAPT3,2022,8.47224
1196,RAPT3,2023,8.703790322580645
1197,RAPT3,2024,11.222115384615384
1198,CEED3,2019,77.33333333333333
1199,CEED3,2020,60.31057971014493
1200,CEED3,2021,53.94329787234042
1201,CEED3,2022,43.40125
1202,CEED3,2023,26.7564
1203,CEED3,2024,23.59
1204,CTKA3,2019,10.536
1205,CTKA3,2020,15.986164383561643
1206,CTKA3,2021,27.413697478991597
1207,CTKA3,2022,22.071111111111108
1208,CTKA3,2023,17.238
1209,CTKA3,2024,16.298333333333336
1210,BRIV4,2019,6.599071038251367
1211,BRIV4,2020,7.183964757709251
1212,BRIV4,2021,7.897361111111111
1213,BRIV4,2022,7.0724285714285715
1214,BRIV4,2023,9.855767195767196
1215,BRIV4,2024,11.298936170212764
1216,VIVT4,2019,48.06848484848484
1217,VIVT4,2020,48.8277130044843
1218,OSXB3,2019,3.5430409356725145
1219,OSXB3,2020,6.924979591836736
1220,OSXB3,2021,11.984939271255062
1221,OSXB3,2022,6.43496
1222,OSXB3,2023,5.279186991869919
1223,OSXB3,2024,4.9484615384615385
1224,MLAS3,2021,8.304864864864864
1225,MLAS3,2022,5.123600000000001
1226,MLAS3,2023,2.556935483870968
1227,MLAS3,2024,2.0166037735849054
1228,RNEW11,2019,20.99247474747475
1229,RNEW11,2020,10.119637096774193
1230,RNEW11,2021,10.753036437246964
1231,RNEW11,2022,6.25912
1232,RNEW11,2023,4.655524193548387
1233,RNEW11,2024,3.9320754716981132
1234,JFEN3,2019,11.093681318681318
1235,JFEN3,2020,22.02559701492537
1236,JFEN3,2021,13.46516129032258
1237,JFEN3,2022,4.742971887550201
1238,JFEN3,2023,2.7944939271255063
1239,JFEN3,2024,1.9121153846153844
1240,MERC4,2019,9.969189189189189
1241,MERC4,2020,10.049281437125748
1242,MERC4,2021,10.079255319148936
1243,MERC4,2022,7.880707070707071
1244,MERC4,2023,7.309111111111112
1245,MERC4,2024,9.442352941176472
1246,CAMB3,2019,6.245
1247,CAMB3,2020,4.56289156626506
1248,CAMB3,2021,4.641255060728746
1249,CAMB3,2022,4.99084
1250,CAMB3,2023,7.956411290322581
1251,CAMB3,2024,11.021886792452829
1252,DEXP4,2020,34.40595238095238
1253,DEXP4,2021,15.904558139534883
1254,DEXP4,2022,6.636859504132231
1255,DEXP4,2023,8.444420600858368
1256,DEXP4,2024,12.086326530612245
1257,FIEI3,2019,12.415841584158416
1258,FIEI3,2020,21.659814814814816
1259,FIEI3,2021,22.845620437956203
1260,FIEI3,2022,18.686415094339623
1261,FIEI3,2023,13.965573770491803
1262,FIEI3,2024,12.940000000000001
1263,VIVR3,2019,14.847979797979798
1264,VIVR3,2020,13.351004016064257
1265,VIVR3,2021,20.90566801619433
1266,VIVR3,2022,7.7791999999999994
1267,VIVR3,2023,3.8527419354838712
1268,VIVR3,2024,4.147735849056604
1269,IGBR3,2019,22.69191919191919
1270,IGBR3,2020,34.001204819277106
1271,IGBR3,2021,87.42502024291498
1272,IGBR3,2022,31.687095435684647
1273,IGBR3,2023,80.97766990291262
1274,EGIE3,2019,34.75944444444444
1275,EGIE3,2020,35.455742971887545
1276,EGIE3,2021,34.165627530364375
1277,EGIE3,2022,36.866279999999996
1278,EGIE3,2023,40.63350806451613
1279,EGIE3,2024,41.45735849056604
1280,MMXM3,2019,1.8502072538860102
1281,MMXM3,2020,4.863895582329317
1282,MMXM3,2021,19.968817204301075
1283,CTNM4,2019,9.81090909090909
1284,CTNM4,2020,6.407389558232932
1285,CTNM4,2021,5.450242914979757
1286,CTNM4,2022,2.7991599999999996
1287,CTNM4,2023,2.1017741935483873
1288,CTNM4,2024,1.4073076923076924
1289,CALI4,2019,55.855
1290,CALI4,2020,45.317499999999995
1291,AHEB3,2019,34.74146341463415
1292,AHEB3,2020,24.607714285714284
1293,AHEB3,2021,24.390740740740743
1294,AHEB3,2022,22.5975
1295,AHEB3,2023,19.533529411764704
1296,AHEB3,2024,15.8
1297,FIGE3,2022,8.995000000000001
1298,ALUP11,2019,20.15560606060606
1299,ALUP11,2020,20.5544578313253
1300,ALUP11,2021,21.677206477732796
1301,ALUP11,2022,23.73812
1302,ALUP11,2023,27.634516129032257
1303,ALUP11,2024,29.814339622641512
1304,NEOE3,2019,18.417777777777776
1305,NEOE3,2020,17.749477911646586
1306,NEOE3,2021,15.796275303643725
1307,NEOE3,2022,15.303960000000002
1308,NEOE3,2023,17.151572580645162
1309,NEOE3,2024,20.991886792452828
1310,CPLE5,2020,124.65
1311,CPLE5,2021,43.72153846153846
1312,CPLE5,2022,26.28
1313,CPLE5,2023,24.569363636363637
1314,CPLE5,2024,22.944545454545455
1315,PMAM3,2019,26.942020202020203
1316,PMAM3,2020,13.908192771084337
1317,PMAM3,2021,12.039352226720647
1318,PMAM3,2022,7.0114399999999995
1319,PMAM3,2023,4.68608870967742
1320,PMAM3,2024,3.945660377358491
1321,EUCA3,2019,19.34
1322,EUCA3,2020,19.1625
1323,EUCA3,2021,17.053183673469388
1324,EUCA3,2022,12.04919642857143
1325,EUCA3,2023,13.075283842794759
1326,EUCA3,2024,16.936666666666667
1327,CMIG3,2019,8.420808080808081
1328,CMIG3,2020,6.657309236947792
1329,CMIG3,2021,10.08331983805668
1330,CMIG3,2022,14.26296
1331,CMIG3,2023,16.718709677419355
1332,CMIG3,2024,14.997358490566038
1333,COCE3,2019,41.04620689655172
1334,COCE3,2020,62.3125
1335,COCE3,2021,62.64261904761904
1336,COCE3,2022,56.93
1337,COCE3,2023,51.00142857142857
1338,COCE3,2024,48.4975
1339,BBAS3,2019,36.181414141414145
1340,BBAS3,2020,27.144979919678715
1341,BBAS3,2021,25.333198380566802
1342,BBAS3,2022,30.70112
1343,BBAS3,2023,42.90967741935484
1344,BBAS3,2024,56.263773584905664
1345,MATD3,2021,16.94129943502825
1346,MATD3,2022,10.506440000000001
1347,MATD3,2023,8.742137096774194
1348,MATD3,2024,6.811698113207547
1349,GOAU3,2019,4.133080808080808
1350,GOAU3,2020,4.548192771084337
1351,GOAU3,2021,7.691417004048583
1352,GOAU3,2022,8.4772
1353,GOAU3,2023,10.413145161290323
1354,GOAU3,2024,10.266730769230769
1355,SLED3,2019,92.04450261780104
1356,SLED3,2020,59.30524193548387
1357,SLED3,2021,31.252024291497975
1358,SLED3,2022,11.551857923497266
1359,SLED3,2023,6.503977900552487
1360,MRSA6B,2019,10.86
1361,MRSA6B,2020,24.755
1362,MRSA6B,2021,39.666666666666664
1363,MRSA6B,2022,25.426666666666666
1364,MRSA6B,2023,24.990000000000002
1365,MRSA6B,2024,23.125
1366,AZEV3,2019,6.682736842105263
1367,AZEV3,2020,5.976040816326531
1368,AZEV3,2021,4.962591093117409
1369,AZEV3,2022,2.90728
1370,AZEV3,2023,1.9004435483870967
1371,AZEV3,2024,1.6026923076923079
1372,HGTX3,2019,30.289747474747475
1373,HGTX3,2020,17.655702811244982
1374,HGTX3,2021,27.116666666666664
1375,CSMG3,2019,14.834999999999999
1376,CSMG3,2020,12.428112449799196
1377,CSMG3,2021,12.32923076923077
1378,CSMG3,2022,11.73748
1379,CSMG3,2023,16.475322580645162
1380,CSMG3,2024,21.306923076923077
1381,BMIN4,2019,13.428219178082191
1382,BMIN4,2020,14.782207792207792
1383,BMIN4,2021,16.616609195402297
1384,BMIN4,2022,12.667301587301587
1385,BMIN4,2023,13.124188034188034
1386,BMIN4,2024,16.055555555555557
1387,EQPA5,2019,5.575714285714286
1388,EQPA5,2020,5.236233766233767
1389,EQPA5,2021,5.599571428571429
1390,EQPA5,2022,6.8225
1391,EQPA5,2023,7.949166666666667
1392,EQPA5,2024,7.5575
1393,SUZB3,2019,33.4809595959596
1394,SUZB3,2020,40.834297188755016
1395,SUZB3,2021,57.36348178137652
1396,SUZB3,2022,49.27816000000001
1397,SUZB3,2023,47.28653225806451
1398,SUZB3,2024,54.73547169811321
1399,ELMD3,2021,17.002431192660552
1400,ELMD3,2022,12.30064
1401,ELMD3,2023,14.77116935483871
1402,ELMD3,2024,16.64867924528302
1403,LAVV3,2020,6.149753086419753
1404,LAVV3,2021,5.571457489878543
1405,LAVV3,2022,4.614439999999999
1406,LAVV3,2023,6.4400403225806455
1407,LAVV3,2024,8.027924528301886
1408,LIPR3,2019,61.424731182795696
1409,LIPR3,2020,70.66041666666666
1410,LIPR3,2021,64.67870588235294
1411,LIPR3,2022,63.659134615384616
1412,LIPR3,2023,69.72367346938776
1413,LIPR3,2024,68.87666666666667
1414,CESP5,2019,24.51707692307692
1415,CESP5,2020,30.233030303030304
1416,CESP5,2021,36.650733944954126
1417,CESP5,2022,26.36258064516129
1418,BPAC11,2019,12.52080808080808
1419,BPAC11,2020,16.173775100401606
1420,BPAC11,2021,24.64323886639676
1421,BPAC11,2022,23.33072
1422,BPAC11,2023,27.54733870967742
1423,BPAC11,2024,36.86403846153846
1424,ELEK4,2019,15.02081081081081
1425,ELEK4,2020,20.16125
1426,NAFG3,2019,64.39
1427,NAFG3,2020,66.79333333333334
1428,ENGI4,2019,6.614444444444445
1429,ENGI4,2020,6.937670682730924
1430,ENGI4,2021,6.095668016194333
1431,ENGI4,2022,6.86896
1432,ENGI4,2023,7.505645161290323
1433,ENGI4,2024,8.474528301886792
1434,LWSA3,2020,10.980446428571428
1435,LWSA3,2021,23.332064777327936
1436,LWSA3,2022,8.33916
1437,LWSA3,2023,6.510645161290323
1438,LWSA3,2024,5.651509433962263
1439,CALI3,2022,7.956707317073171
1440,CALI3,2023,12.407301587301587
1441,CALI3,2024,20.125714285714285
1442,ELET6,2019,31.248686868686868
1443,ELET6,2020,27.992208835341366
1444,ELET6,2021,33.83991902834008
1445,ELET6,2022,40.47432
1446,ELET6,2023,39.956411290322585
1447,ELET6,2024,47.233773584905656
1448,TASA4,2019,3.2143434343434345
1449,TASA4,2020,5.990883534136546
1450,TASA4,2021,19.553036437246966
1451,TASA4,2022,17.00628
1452,TASA4,2023,14.640161290322581
1453,TASA4,2024,14.439622641509434
1454,SOMA3,2020,11.046346153846153
1455,SOMA3,2021,15.052995951417005
1456,SOMA3,2022,11.900799999999998
1457,SOMA3,2023,8.643185483870967
1458,SOMA3,2024,7.220566037735849
1459,RDOR3,2020,65.31
1460,RDOR3,2021,63.98080971659919
1461,RDOR3,2022,35.68912
1462,RDOR3,2023,27.209717741935485
1463,RDOR3,2024,26.536603773584908
1464,BRKM6,2019,23.427777777777777
1465,BRKM6,2020,21.14675
1466,BRKM6,2021,28.15575
1467,BRKM6,2022,25.38824561403509
1468,BRKM6,2023,17.937901234567903
1469,BRKM6,2024,15.138
1470,SULA3,2019,15.831818181818182
1471,SULA3,2020,17.572449799196786
1472,SULA3,2021,11.339068825910932
1473,SULA3,2022,8.536016260162603
1474,BBDC3,2019,18.792171717171716
1475,BBDC3,2020,14.530562248995984
1476,BBDC3,2021,15.524331983805668
1477,BBDC3,2022,13.787600000000001
1478,BBDC3,2023,12.57508064516129
1479,BBDC3,2024,13.281346153846155
1480,EALT4,2019,3.7512626262626263
1481,EALT4,2020,3.9132128514056226
1482,EALT4,2021,5.136761133603239
1483,EALT4,2022,7.025600000000001
1484,EALT4,2023,7.871290322580645
1485,EALT4,2024,10.272264150943395
1486,BRFS3,2019,33.04666666666667
1487,BRFS3,2020,22.208674698795182
1488,BRFS3,2021,23.80582995951417
1489,BRFS3,2022,15.1486
1490,BRFS3,2023,9.173145161290323
1491,BRFS3,2024,14.37566037735849
1492,BMOB3,2021,18.07714932126697
1493,BMOB3,2022,13.469719999999999
1494,BMOB3,2023,12.98165322580645
1495,BMOB3,2024,12.970384615384615
1496,VAMO3,2021,12.104628820960698
1497,VAMO3,2022,12.59476
1498,VAMO3,2023,11.39375
1499,VAMO3,2024,8.616981132075471
1500,VIVT3,2019,35.06722222222223
1501,VIVT3,2020,40.353815261044176
1502,VIVT3,2021,38.98497975708502
1503,VIVT3,2022,43.53283999999999
1504,VIVT3,2023,42.070362903225806
1505,VIVT3,2024,52.348113207547165
1506,IDVL3,2019,3.8357823129251702
1507,IDVL3,2020,2.567590361445783
1508,ABEV3,2019,15.256212121212121
1509,ABEV3,2020,12.04128514056225
1510,ABEV3,2021,14.375465587044534
1511,ABEV3,2022,13.60392
1512,ABEV3,2023,13.447862903225808
1513,ABEV3,2024,13.104150943396226
1514,TELB4,2019,31.590512820512817
1515,TELB4,2020,28.407710843373497
1516,TELB4,2021,25.339068825910932
1517,TELB4,2022,12.695120967741936
1518,TELB4,2023,12.03841463414634
1519,TELB4,2024,11.271346153846155
1520,PCAR4,2019,87.1359090909091
1521,PCAR4,2020,86.10875
1522,VVEO3,2021,21.560606060606062
1523,VVEO3,2022,16.30284
1524,VVEO3,2023,17.26350806451613
1525,VVEO3,2024,9.77811320754717
1526,TKNO4,2019,30.64428571428571
1527,TKNO4,2020,36.724375
1528,TKNO4,2021,47.99948275862069
1529,TKNO4,2022,65.7175
1530,TKNO4,2023,60.547714285714285
1531,TKNO4,2024,65.97142857142858
1532,RADL3,2019,16.025656565656565
1533,RADL3,2020,21.53839357429719
1534,RADL3,2021,23.413684210526316
1535,RADL3,2022,20.907439999999998
1536,RADL3,2023,26.11056451612903
1537,RADL3,2024,26.611346153846153
1538,BEES4,2019,4.830858585858586
1539,BEES4,2020,5.202248995983935
1540,BEES4,2021,5.2144534412955466
1541,BEES4,2022,5.2054800000000006
1542,BEES4,2023,8.645443548387098
1543,BEES4,2024,9.965849056603773
1544,MOAR3,2019,120.12583333333333
1545,MOAR3,2020,132.263007518797
1546,MOAR3,2021,269.6081909547739
1547,MOAR3,2022,409.78523809523807
1548,MOAR3,2023,378.0858823529412
1549,MOAR3,2024,392.28333333333336
1550,BSLI4,2019,3.34
1551,BSLI4,2020,7.337777777777777
1552,BSLI4,2021,24.32678947368421
1553,BSLI4,2022,16.005508982035927
1554,BSLI4,2023,11.982111801242235
1555,BSLI4,2024,11.725
1556,SULA4,2019,10.716
1557,SULA4,2020,11.926897959183673
1558,SULA4,2021,9.755344129554656
1559,SULA4,2022,8.281829268292682
1560,JHSF3,2019,3.0296969696969698
1561,JHSF3,2020,5.631767068273092
1562,JHSF3,2021,5.5080566801619435
1563,JHSF3,2022,5.3967600000000004
1564,JHSF3,2023,4.358669354838709
1565,JHSF3,2024,4.591346153846154
1566,CTNM3,2019,11.082738095238096
1567,CTNM3,2020,10.926930693069306
1568,CTNM3,2021,11.422456140350878
1569,CTNM3,2022,7.666666666666667
1570,CTNM3,2023,9.160854700854701
1571,CTNM3,2024,8.968387096774192
1572,BMKS3,2019,200.87495145631067
1573,BMKS3,2020,178.08784210526318
1574,BMKS3,2021,200.62172093023256
1575,BMKS3,2022,215.86994565217393
1576,BMKS3,2023,321.18578260869566
1577,BMKS3,2024,359.569
1578,INEP4,2019,2.437878787878788
1579,INEP4,2020,1.6839357429718875
1580,INEP4,2021,10.185020242914979
1581,INEP4,2022,5.528915662650602
1582,INEP4,2023,3.982217741935484
1583,INEP4,2024,3.1282692307692304
1584,EKTR4,2019,12.387307692307692
1585,EKTR4,2020,12.886320754716982
1586,EKTR4,2021,17.75967320261438
1587,EKTR4,2022,25.624427480916033
1588,EKTR4,2023,36.10151724137931
1589,EKTR4,2024,39.235
1590,IDVL4,2019,3.9763131313131312
1591,IDVL4,2020,3.0356224899598394
1592,PETR3,2019,12.013737373737372
1593,PETR3,2020,9.281244979919679
1594,PETR3,2021,11.738340080971659
1595,PETR3,2022,20.60088
1596,PETR3,2023,29.765564516129032
1597,PETR3,2024,40.84981132075472
1598,SOJA3,2021,13.837573964497043
1599,SOJA3,2022,11.862680000000001
1600,SOJA3,2023,11.82616935483871
1601,SOJA3,2024,15.73056603773585
1602,CSAB4,2019,36.55304347826087
1603,CSAB4,2020,43.08809523809524
1604,CSAB4,2021,44.22481481481481
1605,CSAB4,2022,45.23230769230769
1606,CSAB4,2023,43.4552380952381
1607,WEST3,2021,7.306363636363637
1608,WEST3,2022,2.12508
1609,WEST3,2023,1.3087903225806452
1610,WEST3,2024,1.2545283018867923
1611,ARML3,2021,21.63626168224299
1612,ARML3,2022,14.548639999999999
1613,ARML3,2023,13.461209677419355
1614,ARML3,2024,14.110384615384616
1615,CURY3,2020,9.238840579710144
1616,CURY3,2021,7.971740890688259
1617,CURY3,2022,7.94704
1618,CURY3,2023,14.083024193548388
1619,CURY3,2024,18.637307692307694
1620,MODL4,2021,4.539251700680272
1621,MODL4,2022,3.048715083798883
1622,BRPR3,2019,317.7507575757576
1623,BRPR3,2020,310.720281124498
1624,BRPR3,2021,260.4367611336032
1625,BRPR3,2022,255.35528
1626,BRPR3,2023,328.60796019900494
1627,AFLT3,2019,7.29624203821656
1628,AFLT3,2020,7.9707083333333335
1629,AFLT3,2021,8.185840707964601
1630,AFLT3,2022,8.534829268292684
1631,AFLT3,2023,8.668
1632,AFLT3,2024,7.867631578947369
1633,CPRE3,2019,15.28381679389313
1634,CPRE3,2020,17.457179487179488
1635,SLCE3,2019,7.059040404040404
1636,SLCE3,2020,9.246104417670683
1637,SLCE3,2021,16.911093117408907
1638,SLCE3,2022,19.788520000000002
1639,SLCE3,2023,19.455161290322582
1640,SLCE3,2024,18.979056603773586
1641,AMER3,2019,42.48858585858586
1642,AMER3,2020,83.33016064257028
1643,AMER3,2021,53.70344129554656
1644,AMER3,2022,20.175279999999997
1645,AMER3,2023,1.3466129032258063
1646,AMER3,2024,0.6913207547169812
1647,BEEF3,2019,7.451212121212121
1648,BEEF3,2020,9.382248995983936
1649,BEEF3,2021,8.294696356275303
1650,BEEF3,2022,11.78144
1651,BEEF3,2023,9.70125
1652,BEEF3,2024,6.8318867924528295
1653,BOAS3,2020,13.070483870967742
1654,BOAS3,2021,10.813886639676115
1655,BOAS3,2022,6.1498800000000005
1656,BOAS3,2023,7.690866666666667
1657,ECPR4,2019,84.28999999999999
1658,ECPR4,2020,77.14
1659,ECPR4,2021,73.85666666666667
1660,ECPR4,2022,90.3125
1661,PSSA3,2019,23.399444444444445
1662,PSSA3,2020,22.97839357429719
1663,PSSA3,2021,22.821417004048584
1664,PSSA3,2022,19.53916
1665,PSSA3,2023,25.32556451612903
1666,PSSA3,2024,27.986153846153847
1667,CSRN5,2019,11.536666666666667
1668,CSRN5,2020,12.207894736842105
1669,CSRN5,2021,13.0611
1670,CSRN5,2022,17.219272727272728
1671,CSRN5,2023,23.566666666666666
1672,CSRN5,2024,26.44666666666667
1673,TFCO4,2020,11.049777777777779
1674,TFCO4,2021,13.414534412955465
1675,TFCO4,2022,10.81028
1676,TFCO4,2023,12.074153225806452
1677,TFCO4,2024,13.757735849056603
1678,BPAC5,2019,3.7245398773006135
1679,BPAC5,2020,4.064549549549549
1680,BPAC5,2021,5.86331983805668
1681,BPAC5,2022,5.074319999999999
1682,BPAC5,2023,7.034089068825911
1683,BPAC5,2024,9.439245283018867
1684,PEAB3,2019,26.140185185185185
1685,PEAB3,2020,41.697522935779816
1686,PEAB3,2021,63.03462686567164
1687,PEAB3,2022,53.8418918918919
1688,PEAB3,2023,33.628035714285716
1689,PEAB3,2024,39.478571428571435
1690,RNEW4,2019,6.8471794871794875
1691,RNEW4,2020,3.156987951807229
1692,RNEW4,2021,3.4448582995951416
1693,RNEW4,2022,2.03492
1694,RNEW4,2023,1.5548387096774194
1695,RNEW4,2024,1.3071698113207548
1696,MEAL3,2019,7.8143939393939394
1697,MEAL3,2020,4.584618473895582
1698,MEAL3,2021,3.529838056680162
1699,MEAL3,2022,2.2530799999999997
1700,MEAL3,2023,2.159758064516129
1701,MEAL3,2024,1.9379245283018867
1702,DMMO3,2019,5.262323232323233
1703,DMMO3,2020,1.381686746987952
1704,DMMO3,2021,0.8507287449392712
1705,DMMO3,2022,1.44124
1706,DMMO3,2023,1.8079999999999998
1707,CPFE3,2019,23.74818181818182
1708,CPFE3,2020,24.21987951807229
1709,CPFE3,2021,23.999028340080972
1710,CPFE3,2022,29.858880000000003
1711,CPFE3,2023,32.42895161290323
1712,CPFE3,2024,36.060188679245286
1713,ENEV3,2019,6.760353535353535
1714,ENEV3,2020,11.484016064257029
1715,ENEV3,2021,16.193886639676112
1716,ENEV3,2022,13.95828
1717,ENEV3,2023,11.942701612903226
1718,ENEV3,2024,12.702264150943396
1719,BRIV3,2019,7.364391891891892
1720,BRIV3,2020,8.112745098039216
1721,BRIV3,2021,9.850368098159509
1722,BRIV3,2022,7.533526315789473
1723,BRIV3,2023,10.017826086956521
1724,BRIV3,2024,11.494444444444445
1725,FRTA3,2019,6.180523560209425
1726,FRTA3,2020,5.384789915966386
1727,FRTA3,2021,6.480528455284553
1728,FRTA3,2022,3.672669491525424
1729,FRTA3,2023,2.5296969696969698
1730,FRTA3,2024,1.560188679245283
1731,CRPG6,2019,21.103567567567566
1732,CRPG6,2020,18.821022222222226
1733,CRPG6,2021,62.22714285714286
1734,CRPG6,2022,35.21785714285714
1735,CRPG6,2023,33.38576923076923
1736,CRPG6,2024,36.239230769230765
1737,CSNA3,2019,11.307727272727272
1738,CSNA3,2020,11.256064257028111
1739,CSNA3,2021,28.90336032388664
1740,CSNA3,2022,15.816120000000002
1741,CSNA3,2023,13.677540322580645
1742,CSNA3,2024,17.532115384615384
1743,CLSC3,2019,37.13428571428572
1744,CLSC3,2020,44.66285714285714
1745,CLSC3,2021,55.48942028985507
1746,CLSC3,2022,46.78912162162162
1747,CLSC3,2023,51.31213675213676
1748,CLSC3,2024,66.86142857142856
1749,RANI4,2019,3.4342666666666664
1750,RANI4,2020,6.487268907563025
1751,MILS3,2019,6.0643939393939394
1752,MILS3,2020,6.240441767068273
1753,MILS3,2021,6.542550607287449
1754,MILS3,2022,8.21464
1755,MILS3,2023,11.123145161290322
1756,MILS3,2024,12.890754716981133
1757,EALT3,2019,8.70552
1758,EALT3,2020,10.658967391304348
1759,EALT3,2021,12.724974619289341
1760,EALT3,2022,9.070331125827813
1761,EALT3,2023,8.304964028776979
1762,EALT3,2024,9.715625
1763,VBBR3,2019,20.914494949494948
1764,VBBR3,2020,18.421927710843374
1765,VBBR3,2021,21.702105263157897
1766,VBBR3,2022,17.837
1767,VBBR3,2023,16.925604838709678
1768,VBBR3,2024,23.984716981132078
1769,TCNO3,2019,1.0747272727272728
1770,TCNO3,2020,2.321124497991968
1771,TCNO3,2021,2.835425101214575
1772,TCNO3,2022,1.497219512195122
1773,NUTR3,2019,0.508
1774,NUTR3,2020,1.0006666666666666
1775,NUTR3,2021,2.886875
1776,NUTR3,2022,2.572
1777,NUTR3,2023,4.299036144578313
1778,NUTR3,2024,5.466981132075472
1779,EQTL3,2019,17.703181818181818
1780,EQTL3,2020,20.91975903614458
1781,EQTL3,2021,23.345465587044533
1782,EQTL3,2022,24.848200000000002
1783,EQTL3,2023,30.156330645161294
1784,EQTL3,2024,34.3577358490566
1785,NAFG4,2019,64.18409090909091
1786,NAFG4,2020,67.305
1787,CEPE6,2019,15.79
1788,CEPE6,2020,24.60111111111111
1789,CEPE6,2021,28.345666666666666
1790,CEPE6,2022,32.486486486486484
1791,DOHL3,2019,7.085
1792,DOHL3,2020,17.607341772151898
1793,DOHL3,2021,28.65123711340206
1794,DOHL3,2022,14.812777777777777
1795,DOHL3,2023,7.924117647058824
1796,DOHL3,2024,6.51
1797,BRSR3,2019,18.39030612244898
1798,BRSR3,2020,13.42281124497992
1799,BRSR3,2021,11.633198380566801
1800,BRSR3,2022,10.763440000000001
1801,BRSR3,2023,12.093951612903227
1802,BRSR3,2024,14.43
1803,MTSA3,2019,25.173333333333332
1804,MTSA3,2020,29.885
1805,MTSA3,2021,56.81
1806,MTSA3,2022,66.2
1807,MTSA3,2023,74.2
1808,RAIZ4,2021,6.01049504950495
1809,RAIZ4,2022,4.78268
1810,RAIZ4,2023,3.394516129032258
1811,RAIZ4,2024,3.769056603773585
1812,VULC3,2019,5.861565656565656
1813,VULC3,2020,5.108353413654618
1814,VULC3,2021,7.347368421052631
1815,VULC3,2022,9.723120000000002
1816,VULC3,2023,14.337983870967742
1817,VULC3,2024,17.88056603773585
1818,USIM5,2019,7.023585858585859
1819,USIM5,2020,7.349397590361446
1820,USIM5,2021,14.733927125506074
1821,USIM5,2022,9.886280000000001
1822,USIM5,2023,7.184879032258064
1823,USIM5,2024,9.58622641509434
1824,BDLL4,2019,9.249863013698631
1825,BDLL4,2020,9.981596638655462
1826,BDLL4,2021,11.0402752293578
1827,BDLL4,2022,8.961267605633802
1828,BDLL4,2023,9.584803921568627
1829,BDLL4,2024,8.153529411764707
1830,ALSC3,2019,22.22731958762887
1831,BLUT3,2019,1.0340331491712706
1832,BLUT3,2020,0.6875
1833,BLUT3,2021,3.3426008968609864
1834,BLUT3,2022,4.760939226519337
1835,TIET11,2019,10.545101010101009
1836,TIET11,2020,14.314417670682731
1837,TIET11,2021,16.585087719298247
1838,DOTZ3,2021,87.26530612244898
1839,DOTZ3,2022,26.846400000000003
1840,DOTZ3,2023,10.595645161290323
1841,DOTZ3,2024,7.317169811320754
1842,ALUP4,2019,6.5205699481865285
1843,ALUP4,2020,6.213935742971888
1844,ALUP4,2021,7.236234817813765
1845,ALUP4,2022,7.92016
1846,ALUP4,2023,9.25358870967742
1847,ALUP4,2024,9.938301886792454
1848,SANB11,2019,33.61737373737374
1849,SANB11,2020,26.130602409638556
1850,SANB11,2021,32.256275303643726
1851,SANB11,2022,28.503
1852,SANB11,2023,27.756169354838708
1853,SANB11,2024,29.27846153846154
1854,CSAN3,2019,12.216515151515152
1855,CSAN3,2020,17.109558232931725
1856,CSAN3,2021,21.899514170040487
1857,CSAN3,2022,19.07008
1858,CSAN3,2023,16.76806451612903
1859,CSAN3,2024,18.06132075471698
1860,PLAS3,2019,6.207853403141361
1861,PLAS3,2020,5.335955555555556
1862,PLAS3,2021,10.964801762114538
1863,PLAS3,2022,9.127285714285714
1864,PLAS3,2023,8.323131313131313
1865,PLAS3,2024,7.777906976744186
1866,LUPA3,2019,1.5078787878787878
1867,LUPA3,2020,2.039076305220884
1868,LUPA3,2021,5.430283400809716
1869,LUPA3,2022,4.3066
1870,LUPA3,2023,3.394798387096774
1871,LUPA3,2024,2.043207547169811
1872,TXRX3,2019,4.0273076923076925
1873,TXRX3,2020,45.3960606060606
1874,TXRX3,2021,39.35693693693693
1875,TXRX3,2022,24.953636363636363
1876,TXRX3,2023,8.735
1877,TXRX3,2024,9.166666666666666
1878,TOYB3,2019,2.128135593220339
1879,SYNE3,2019,15.177297297297299
1880,SYNE3,2020,15.425582329317269
1881,SYNE3,2021,10.279045643153527
1882,SYNE3,2022,5.333480000000001
1883,SYNE3,2023,3.9297580645161294
1884,SYNE3,2024,5.573584905660377
1885,KLBN3,2019,3.3529797979797977
1886,KLBN3,2020,3.768955823293173
1887,KLBN3,2021,5.089595141700405
1888,KLBN3,2022,4.17544
1889,KLBN3,2023,4.096774193548387
1890,KLBN3,2024,4.365849056603773
1891,CEBR5,2019,3.4234722222222222
1892,CEBR5,2020,9.003229166666666
1893,CEBR5,2021,16.891176470588235
1894,CEBR5,2022,10.836652173913043
1895,CEBR5,2023,12.523175965665237
1896,CEBR5,2024,17.90490566037736
1897,CEDO4,2019,7.828157894736842
1898,CEDO4,2020,6.474260869565217
1899,CEDO4,2021,6.140632911392405
1900,CEDO4,2022,4.6872105263157895
1901,CEDO4,2023,11.260608695652174
1902,CEDO4,2024,27.198800000000002
1903,CEDO3,2019,8.076666666666666
1904,CEDO3,2020,11.179512195121951
1905,CEDO3,2021,9.634202898550724
1906,CEDO3,2022,6.678235294117647
1907,CEDO3,2023,13.391544715447155
1908,CEDO3,2024,26.848709677419354
1909,PATI4,2019,16.71611111111111
1910,PATI4,2020,19.678241758241757
1911,PATI4,2021,51.060625
1912,PATI4,2022,53.86888888888889
1913,PATI4,2023,36.19391304347826
1914,PATI4,2024,32.751
1915,SCAR3,2019,34.84848484848485
1916,SCAR3,2020,39.68329317269076
1917,SCAR3,2021,38.22080971659919
1918,SCAR3,2022,29.596419753086423
1919,SCAR3,2023,20.239554655870446
1920,SCAR3,2024,26.52584905660377
1921,HBSA3,2020,6.724769230769231
1922,HBSA3,2021,5.266842105263159
1923,HBSA3,2022,2.71452
1924,HBSA3,2023,3.190524193548387
1925,HBSA3,2024,3.686153846153846
1926,ECPR3,2019,70.04833333333333
1927,ECPR3,2020,77.73333333333333
1928,ECPR3,2021,85.274
1929,ECPR3,2022,90.25
1930,UGPA3,2019,18.455858585858586
1931,UGPA3,2020,17.79236947791165
1932,UGPA3,2021,17.008987854251014
1933,UGPA3,2022,12.837399999999999
1934,UGPA3,2023,17.40060483870968
1935,UGPA3,2024,28.222075471698112
1936,PPLA11,2019,59.02121212121212
1937,PPLA11,2020,17.347791164658634
1938,PPLA11,2021,8.344878048780489
1939,PPLA11,2022,5.613459915611815
1940,PPLA11,2023,3.8881434599156117
1941,PPLA11,2024,3.7219230769230767
1942,CEED4,2019,85.0
1943,CEED4,2020,78.68222222222222
1944,CEED4,2021,60.925714285714285
1945,CEED4,2022,44.972
1946,CEED4,2023,23.067777777777778
1947,CEED4,2024,21.869999999999997
1948,TAEE4,2019,5.671717171717172
1949,TAEE4,2020,6.679919678714859
1950,TAEE4,2021,9.454453441295547
1951,TAEE4,2022,11.368319999999999
1952,TAEE4,2023,11.41625
1953,TAEE4,2024,12.149622641509433
1954,RAPT4,2019,8.006868686868687
1955,RAPT4,2020,9.566706827309238
1956,RAPT4,2021,11.224898785425102
1957,RAPT4,2022,9.21668
1958,RAPT4,2023,10.074516129032258
1959,RAPT4,2024,11.636923076923077
1960,LAND3,2021,17.73355769230769
1961,LAND3,2022,25.597080000000002
1962,LAND3,2023,24.052298387096776
1963,LAND3,2024,16.237735849056605
1964,TGMA3,2019,24.688535353535354
1965,TGMA3,2020,22.018353413654616
1966,TGMA3,2021,17.621336032388665
1967,TGMA3,2022,15.1816
1968,TGMA3,2023,21.337903225806453
1969,TGMA3,2024,26.592641509433964
1970,LREN3,2019,39.367525252525255
1971,LREN3,2020,36.98686746987951
1972,LREN3,2021,33.36906882591093
1973,LREN3,2022,24.21332
1974,LREN3,2023,16.95540322580645
1975,LREN3,2024,15.932075471698113
1976,LPSB3,2019,6.511010101010101
1977,LPSB3,2020,5.391767068273092
1978,LPSB3,2021,3.6372064777327933
1979,LPSB3,2022,2.94444
1980,LPSB3,2023,2.1718951612903226
1981,LPSB3,2024,2.1520754716981134
1982,CGAS3,2019,62.380305343511445
1983,CGAS3,2020,140.36394160583941
1984,CGAS3,2021,132.35714285714286
1985,CGAS3,2022,119.48393258426967
1986,CGAS3,2023,120.56935483870969
1987,CGAS3,2024,105.80571428571429
1988,CGRA3,2019,18.249243243243242
1989,CGRA3,2020,21.35012244897959
1990,CGRA3,2021,30.82404166666667
1991,CGRA3,2022,29.18928870292887
1992,CGRA3,2023,25.82013043478261
1993,CGRA3,2024,25.60923076923077
1994,LAME3,2019,5.65590909090909
1995,LAME3,2020,9.23449799196787
1996,LAME3,2021,7.025303643724697
1997,LAME3,2022,5.697333333333333
1998,SAPR3,2019,5.127222222222223
1999,SAPR3,2020,4.8804016064257025
2000,SAPR3,2021,3.4485425101214573
2001,SAPR3,2022,3.22844
2002,SAPR3,2023,3.942096774193548
2003,SAPR3,2024,5.210384615384616
2004,GEPA3,2019,32.47164705882353
2005,GEPA3,2020,35.34180327868852
2006,GEPA3,2021,33.8957281553398
2007,GEPA3,2022,23.873854166666664
2008,GEPA3,2023,24.084096385542168
2009,GEPA3,2024,26.526363636363637
2010,BMGB4,2019,6.873
2011,BMGB4,2020,4.301566265060241
2012,BMGB4,2021,3.1868825910931173
2013,BMGB4,2022,2.28916
2014,BMGB4,2023,2.195
2015,BMGB4,2024,3.612641509433962
2016,TEND3,2019,22.225050505050508
2017,TEND3,2020,29.01574297188755
2018,TEND3,2021,22.9897975708502
2019,TEND3,2022,7.30672
2020,TEND3,2023,9.480201612903226
2021,TEND3,2024,10.694150943396226
2022,SOND6,2019,18.358333333333334
2023,SOND6,2020,27.413103448275862
2024,SOND6,2021,33.13894736842105
2025,SOND6,2022,29.215
2026,SOND6,2023,45.85125
2027,SOND6,2024,53.995000000000005
2028,EQPA7,2019,5.66
2029,EQPA7,2020,5.189549549549549
2030,EQPA7,2021,5.4608602150537635
2031,EQPA7,2022,6.924444444444444
2032,EQPA7,2023,7.686153846153847
2033,EQPA7,2024,7.544999999999999
2034,PRIO3,2019,3.768181818181818
2035,PRIO3,2020,7.37
2036,PRIO3,2021,19.561983805668017
2037,PRIO3,2022,27.28516
2038,PRIO3,2023,41.00108870967742
2039,PRIO3,2024,45.10415094339623
2040,BOBR4,2019,2.0014646464646466
2041,BOBR4,2020,2.004738955823293
2042,BOBR4,2021,2.1959514170040486
2043,BOBR4,2022,1.35576
2044,BOBR4,2023,1.5974193548387094
2045,BOBR4,2024,2.2871698113207546
2046,BRSR6,2019,17.441363636363636
2047,BRSR6,2020,11.454497991967871
2048,BRSR6,2021,10.255627530364372
2049,BRSR6,2022,9.51908
2050,BRSR6,2023,11.49649193548387
2051,BRSR6,2024,14.454905660377358
2052,GEPA4,2019,34.682680412371134
2053,GEPA4,2020,38.815677966101696
2054,GEPA4,2021,33.05025974025974
2055,GEPA4,2022,25.260434782608694
2056,GEPA4,2023,24.451330049261085
2057,GEPA4,2024,26.019333333333336
2058,TRPL3,2019,21.744397905759165
2059,TRPL3,2020,21.084859437751003
2060,TRPL3,2021,27.611619433198378
2061,TRPL3,2022,29.40152610441767
2062,TRPL3,2023,28.987692307692306
2063,TRPL3,2024,34.30830188679245
2064,DASA3,2019,34.31666666666667
2065,DASA3,2020,64.61946428571429
2066,DASA3,2021,72.92219512195122
2067,DASA3,2022,20.78772
2068,DASA3,2023,10.584274193548387
2069,DASA3,2024,8.017307692307693
2070,TAEE3,2019,6.034797979797981
2071,TAEE3,2020,6.646024096385542
2072,TAEE3,2021,9.439514170040486
2073,TAEE3,2022,11.36152
2074,TAEE3,2023,11.373790322580644
2075,TAEE3,2024,12.002264150943397
2076,LINX3,2019,32.41267676767677
2077,LINX3,2020,29.45570281124498
2078,LINX3,2021,37.2909243697479
2079,CEEB5,2019,0.24454545454545454
2080,CEEB5,2020,0.2888235294117647
2081,CEEB5,2021,0.32363636363636367
2082,CEEB5,2022,29.931176470588234
2083,CEEB5,2023,41.29588235294118
2084,CEEB5,2024,37.019999999999996
2085,BBDC4,2019,21.10888888888889
2086,BBDC4,2020,16.035301204819277
2087,BBDC4,2021,18.145020242914978
2088,BBDC4,2022,16.644759999999998
2089,BBDC4,2023,14.290524193548388
2090,BBDC4,2024,14.812641509433961
2091,TECN3,2019,2.0626767676767677
2092,TECN3,2020,1.3581124497991968
2093,TECN3,2021,2.1427935222672065
2094,TECN3,2022,2.17692
2095,TECN3,2023,2.9671370967741937
2096,TECN3,2024,3.465660377358491
2097,PARD3,2019,20.47949494949495
2098,PARD3,2020,22.61574297188755
2099,PARD3,2021,20.35157894736842
2100,PARD3,2022,19.96752
2101,PARD3,2023,19.97827160493827
2102,ITSA4,2019,8.395353535353536
2103,ITSA4,2020,7.170361445783133
2104,ITSA4,2021,7.6948582995951424
2105,ITSA4,2022,7.5116000000000005
2106,ITSA4,2023,8.21967741935484
2107,ITSA4,2024,10.08433962264151
2108,MRSA3B,2019,13.458571428571428
2109,MRSA3B,2020,36.28862745098039
2110,MRSA3B,2021,42.239
2111,MRSA3B,2022,25.825555555555557
2112,MRSA3B,2023,25.0525
2113,MRSA3B,2024,25.998235294117645
2114,ALUP3,2019,7.604375
2115,ALUP3,2020,8.30413654618474
2116,ALUP3,2021,7.218421052631579
2117,ALUP3,2022,7.90672
2118,ALUP3,2023,9.212177419354838
2119,ALUP3,2024,9.947692307692307
2120,CESP3,2019,24.00378787878788
2121,CESP3,2020,30.19459677419355
2122,CESP3,2021,26.585182186234817
2123,CESP3,2022,22.8
2124,EVEN3,2019,7.737878787878787
2125,EVEN3,2020,9.638674698795182
2126,EVEN3,2021,7.9711740890688265
2127,EVEN3,2022,5.25624
2128,EVEN3,2023,5.695120967741936
2129,EVEN3,2024,7.805283018867924
2130,MAPT4,2019,67.97307692307692
2131,MAPT4,2020,45.053378378378376
2132,MAPT4,2021,40.447407407407404
2133,MAPT4,2022,16.403333333333332
2134,MAPT4,2023,8.334285714285715
2135,MAPT4,2024,11.045945945945945
2136,UNIP3,2019,20.219242424242424
2137,UNIP3,2020,21.084859437751003
2138,UNIP3,2021,55.27696356275304
2139,UNIP3,2022,76.35239999999999
2140,UNIP3,2023,69.44657258064517
2141,UNIP3,2024,65.20283018867924
2142,COCE5,2019,50.01045918367347
2143,COCE5,2020,51.37646586345382
2144,COCE5,2021,52.724979757085016
2145,COCE5,2022,47.80504
2146,COCE5,2023,46.755322580645164
2147,COCE5,2024,41.14283018867925
2148,GSHP3,2019,42.794797979797984
2149,GSHP3,2020,53.063546798029556
2150,GSHP3,2021,42.7364161849711
2151,GSHP3,2022,26.46778947368421
2152,GSHP3,2023,16.212500000000002
2153,GSHP3,2024,13.705
2154,TASA3,2019,3.1984343434343434
2155,TASA3,2020,5.530361445783132
2156,TASA3,2021,19.886072874493927
2157,TASA3,2022,17.117639999999998
2158,TASA3,2023,14.51008064516129
2159,TASA3,2024,14.449245283018868
2160,ROMI3,2019,7.778131313131313
2161,ROMI3,2020,8.97694779116466
2162,ROMI3,2021,20.248744939271255
2163,ROMI3,2022,13.250200000000001
2164,ROMI3,2023,15.63225806451613
2165,ROMI3,2024,12.839622641509434
2166,GGBR3,2019,8.307929292929293
2167,GGBR3,2020,10.507309236947792
2168,GGBR3,2021,17.333238866396762
2169,GGBR3,2022,18.343799999999998
2170,GGBR3,2023,21.937459677419355
2171,GGBR3,2024,19.89903846153846
2172,CESP6,2019,23.39277777777778
2173,CESP6,2020,26.09253012048193
2174,CESP6,2021,24.804898785425102
2175,CESP6,2022,22.677931034482757
2176,ENBR3,2019,15.040606060606061
2177,ENBR3,2020,14.994738955823294
2178,ENBR3,2021,16.12255060728745
2179,ENBR3,2022,20.033240000000003
2180,ENBR3,2023,22.1366875
2181,RSID3,2019,4.451060606060606
2182,RSID3,2020,6.080441767068273
2183,RSID3,2021,10.388178137651822
2184,RSID3,2022,4.4372
2185,RSID3,2023,3.7236290322580645
2186,RSID3,2024,3.727924528301887
2187,AURA33,2020,55.2020895522388
2188,AURA33,2021,59.32433198380567
2189,AURA33,2022,37.40392
2190,AURA33,2023,35.23245967741936
2191,AURA33,2024,32.18905660377359
2192,ITUB3,2019,20.807222222222222
2193,ITUB3,2020,18.02618473895582
2194,ITUB3,2021,19.49028340080972
2195,ITUB3,2022,20.806639999999998
2196,ITUB3,2023,22.908024193548385
2197,ITUB3,2024,28.86377358490566
2198,BLAU3,2021,42.42164772727273
2199,BLAU3,2022,27.95092
2200,BLAU3,2023,20.63
2201,BLAU3,2024,13.009622641509434
2202,CORR4,2019,0.908
2203,CORR4,2020,0.8799999999999999
2204,CORR4,2021,0.98
2205,LAME4,2019,7.503838383838384
2206,LAME4,2020,11.309116465863452
2207,LAME4,2021,7.710688259109312
2208,LAME4,2022,5.711333333333333
2209,ELPL3,2019,42.294261363636366
2210,DOHL4,2019,5.246712328767123
2211,DOHL4,2020,4.66846511627907
2212,DOHL4,2021,5.900485829959514
2213,DOHL4,2022,5.461526104417671
2214,DOHL4,2023,5.073777777777777
2215,DOHL4,2024,5.006666666666667
2216,RCSL4,2019,5.133333333333333
2217,RCSL4,2020,6.618152610441768
2218,RCSL4,2021,6.254574898785425
2219,RCSL4,2022,2.8864
2220,RCSL4,2023,1.3445967741935483
2221,RCSL4,2024,0.7747169811320755
2222,EMBR3,2019,18.644191919191922
2223,EMBR3,2020,9.959397590361446
2224,EMBR3,2021,17.819473684210525
2225,EMBR3,2022,14.52492
2226,EMBR3,2023,18.56435483870968
2227,EMBR3,2024,23.420188679245282
2228,PCAR3,2019,27.23875
2229,PCAR3,2020,22.05659292035398
2230,PCAR3,2021,14.314129554655871
2231,PCAR3,2022,8.313360000000001
2232,PCAR3,2023,6.089475806451613
2233,PCAR3,2024,3.9628301886792454
2234,RLOG3,2019,18.430252525252527
2235,RLOG3,2020,18.604176706827307
2236,RLOG3,2021,20.25261904761905
2237,SIMH3,2019,16.36580808080808
2238,SIMH3,2020,20.177791164658636
2239,SIMH3,2021,11.996113360323886
2240,SIMH3,2022,10.0266
2241,SIMH3,2023,8.444516129032257
2242,SIMH3,2024,7.991509433962264
2243,DMVF3,2020,11.59061224489796
2244,DMVF3,2021,8.388825910931175
2245,DMVF3,2022,4.319439999999999
2246,DMVF3,2023,4.437137096774194
2247,DMVF3,2024,5.999245283018867
2248,ESTR3,2019,2.0
2249,ESTR3,2021,4.0
2250,ESTR3,2023,14.788888888888888
2251,ESTR3,2024,8.533333333333333
2252,WLMM4,2019,7.1808379888268155
2253,WLMM4,2020,16.96510548523207
2254,WLMM4,2021,32.0046017699115
2255,WLMM4,2022,27.207424892703862
2256,WLMM4,2023,26.488202764976958
2257,WLMM4,2024,26.658653846153847
2258,ENGI3,2019,11.792272727272726
2259,ENGI3,2020,11.463935742971888
2260,ENGI3,2021,14.58663967611336
2261,ENGI3,2022,13.44952
2262,ENGI3,2023,14.117298387096774
2263,ENGI3,2024,17.042264150943396
2264,PTNT3,2019,6.976000000000001
2265,PTNT3,2020,6.062447552447552
2266,PTNT3,2021,14.293724696356277
2267,PTNT3,2022,11.677630522088354
2268,PTNT3,2023,9.411857142857142
2269,PTNT3,2024,12.218048780487806
2270,CYRE3,2019,17.58040404040404
2271,CYRE3,2020,20.162771084337347
2272,CYRE3,2021,19.46085020242915
2273,CYRE3,2022,14.0196
2274,CYRE3,2023,18.33649193548387
2275,CYRE3,2024,23.101320754716983
2276,EUCA4,2019,4.039040404040404
2277,EUCA4,2020,5.3132128514056225
2278,EUCA4,2021,7.887125506072874
2279,EUCA4,2022,7.57092
2280,EUCA4,2023,11.074798387096775
2281,EUCA4,2024,16.86622641509434
2282,EPAR3,2019,5.002957746478873
2283,EPAR3,2020,8.342838983050848
2284,EPAR3,2021,12.701428571428572
2285,EPAR3,2022,12.257466666666666
2286,EPAR3,2023,12.044644549763033
2287,EPAR3,2024,9.704716981132076
2288,MWET3,2019,6.666666666666667
2289,MWET3,2020,61.012835820895525
2290,MWET3,2021,44.04521739130435
2291,MWET3,2022,23.583125
2292,MWET3,2023,13.29
2293,MWET3,2024,13.3
2294,ABCB4,2019,15.115151515151515
2295,ABCB4,2020,12.564859437751004
2296,ABCB4,2021,13.376842105263158
2297,ABCB4,2022,15.7066
2298,ABCB4,2023,17.852177419354838
2299,ABCB4,2024,23.89264150943396
2300,CEEB3,2019,22.529583333333335
2301,CEEB3,2020,27.39605042016807
2302,CEEB3,2021,27.417987421383646
2303,CEEB3,2022,31.51635838150289
2304,CEEB3,2023,38.30276836158192
2305,CEEB3,2024,39.52909090909091
2306,ITUB4,2019,24.950959595959596
2307,ITUB4,2020,20.121044176706828
2308,ITUB4,2021,22.13226720647773
2309,ITUB4,2022,24.51236
2310,ITUB4,2023,26.884959677419356
2311,ITUB4,2024,33.70923076923077
2312,ESTR4,2019,2.4208
2313,ESTR4,2020,2.9187654320987653
2314,ESTR4,2021,4.187926829268293
2315,ESTR4,2022,4.364761904761904
2316,ESTR4,2023,5.552168674698795
2317,ESTR4,2024,3.390322580645161
2318,TIET3,2019,2.247929292929293
2319,TIET3,2020,3.096827309236948
2320,TIET3,2021,3.3187719298245613
2321,CSRN3,2019,12.387283950617284
2322,CSRN3,2020,12.977341772151899
2323,CSRN3,2021,13.564967741935485
2324,CSRN3,2022,16.843161764705883
2325,CSRN3,2023,23.818109756097563
2326,CSRN3,2024,27.643333333333334
2327,TIET4,2019,2.053888888888889
2328,TIET4,2020,2.792409638554217
2329,TIET4,2021,3.3173684210526315
2330,TIMS3,2019,10.17449494949495
2331,TIMS3,2020,13.073975903614459
2332,TIMS3,2021,11.131983805668016
2333,TIMS3,2022,11.9046
2334,TIMS3,2023,13.863588709677419
2335,TIMS3,2024,17.895283018867925
2336,CPLE3,2019,3.6035858585858587
2337,CPLE3,2020,4.7993172690763055
2338,CPLE3,2021,4.967085020242915
2339,CPLE3,2022,5.971480000000001
2340,CPLE3,2023,7.3825806451612905
2341,CPLE3,2024,9.103962264150944
2342,POWE3,2021,14.140762331838564
2343,POWE3,2022,10.738750000000001
2344,CCRO3,2019,13.364747474747475
2345,CCRO3,2020,13.118674698795182
2346,CCRO3,2021,11.864331983805668
2347,CCRO3,2022,12.10844
2348,CCRO3,2023,12.615685483870967
2349,CCRO3,2024,13.634905660377358
2350,APER3,2019,24.006161616161616
2351,APER3,2020,26.721164658634535
2352,APER3,2021,43.24704453441296
2353,APER3,2022,29.71188
2354,APER3,2023,30.431290322580644
2355,APER3,2024,43.012692307692305
2356,BMIN3,2019,14.735714285714286
2357,BMIN3,2020,18.27901639344262
2358,BMIN3,2021,20.210465116279067
2359,BMIN3,2022,18.104166666666668
2360,BMIN3,2023,19.238200000000003
2361,BMIN3,2024,21.71588235294118
2362,CPLE6,2019,3.604747474747475
2363,CPLE6,2020,4.8197590361445775
2364,CPLE6,2021,5.3435222672064775
2365,CPLE6,2022,6.5430399999999995
2366,CPLE6,2023,7.976370967741936
2367,CPLE6,2024,10.116037735849057
2368,ITSA3,2019,8.902828282828283
2369,ITSA3,2020,7.9528112449799195
2370,ITSA3,2021,8.015748987854252
2371,ITSA3,2022,7.70164
2372,ITSA3,2023,8.353306451612903
2373,ITSA3,2024,10.09
2374,FLRY3,2019,19.354444444444443
2375,FLRY3,2020,22.083212851405623
2376,FLRY3,2021,20.82404858299595
2377,FLRY3,2022,15.063360000000001
2378,FLRY3,2023,15.067338709677419
2379,FLRY3,2024,16.289056603773584
2380,CEBR3,2019,3.003304347826087
2381,CEBR3,2020,6.643141025641025
2382,CEBR3,2021,14.006280193236716
2383,CEBR3,2022,10.743536585365852
2384,CEBR3,2023,12.112943548387095
2385,CEBR3,2024,19.038679245283017
2386,SEQL3,2020,16.488245614035087
2387,SEQL3,2021,21.875587044534416
2388,SEQL3,2022,8.152
2389,SEQL3,2023,1.5334677419354839
2390,SEQL3,2024,0.5009433962264151
2391,HOOT4,2019,2.0147727272727276
2392,HOOT4,2020,2.6220647773279353
2393,HOOT4,2021,3.0632793522267208
2394,HOOT4,2022,2.0626050420168065
2395,HOOT4,2023,1.956804979253112
2396,HOOT4,2024,2.8187755102040817
2397,TRPN3,2019,0.36333333333333334
2398,MERC3,2019,6.88
2399,MERC3,2020,24.792564102564103
2400,MERC3,2021,26.863225806451613
2401,MERC3,2022,17.531111111111112
2402,MERC3,2023,14.8
2403,CMIN3,2021,5.8275576036866354
2404,CMIN3,2022,3.81012
2405,CMIN3,2023,4.686129032258065
2406,CMIN3,2024,6.55622641509434
2407,ONCO3,2021,12.956122448979592
2408,ONCO3,2022,7.436640000000001
2409,ONCO3,2023,9.72891129032258
2410,ONCO3,2024,11.053584905660378
2411,CVCB3,2019,42.26227272727273
2412,CVCB3,2020,17.98008032128514
2413,CVCB3,2021,20.143724696356276
2414,CVCB3,2022,9.40324
2415,CVCB3,2023,3.2770564516129035
2416,CVCB3,2024,3.2345283018867925
2417,HBOR3,2019,10.443989898989898
2418,HBOR3,2020,11.912610441767068
2419,HBOR3,2021,7.358542510121457
2420,HBOR3,2022,2.96104
2421,HBOR3,2023,2.730443548387097
2422,HBOR3,2024,2.8228301886792457
2423,TOYB4,2019,1.94625
2424,ATMP3,2019,17.107525252525253
2425,ATMP3,2020,5.272168674698795
2426,ATMP3,2021,5.423117408906883
2427,ATMP3,2022,1.7852000000000001
2428,ATMP3,2023,1.9344534412955465
2429,ATMP3,2024,3.100188679245283
2430,SAPR4,2019,4.17969696969697
2431,SAPR4,2020,4.563895582329318
2432,SAPR4,2021,3.4377732793522267
2433,SAPR4,2022,3.3684000000000003
2434,SAPR4,2023,4.101693548387097
2435,SAPR4,2024,5.480384615384616
2436,MODL11,2021,15.46238095238095
2437,MODL11,2022,9.859888268156425
2438,CRFB3,2019,19.277272727272727
2439,CRFB3,2020,18.816546184738954
2440,CRFB3,2021,18.24097165991903
2441,CRFB3,2022,17.885
2442,CRFB3,2023,11.471814516129033
2443,CRFB3,2024,11.678867924528301
2444,YDUQ3,2019,32.07636363636364
2445,YDUQ3,2020,32.994698795180724
2446,YDUQ3,2021,27.722712550607287
2447,YDUQ3,2022,15.3132
2448,YDUQ3,2023,15.38608870967742
2449,YDUQ3,2024,20.119245283018866
2450,CEBR6,2019,2.63811320754717
2451,CEBR6,2020,7.41740157480315
2452,CEBR6,2021,15.16766355140187
2453,CEBR6,2022,10.931479999999999
2454,CEBR6,2023,13.099112903225807
2455,CEBR6,2024,20.80490566037736
2456,GNDI3,2019,47.19404040404041
2457,GNDI3,2020,64.61927710843374
2458,GNDI3,2021,80.59708502024291
2459,GNDI3,2022,64.56366666666666
2460,RCSL3,2019,6.03425641025641
2461,RCSL3,2020,11.768995983935744
2462,RCSL3,2021,26.54315789473684
2463,RCSL3,2022,9.073360000000001
2464,RCSL3,2023,3.2433467741935487
2465,RCSL3,2024,2.2460377358490566
2466,BPAN4,2019,7.04060606060606
2467,BPAN4,2020,7.877911646586345
2468,BPAN4,2021,15.28834008097166
2469,BPAN4,2022,7.9102
2470,BPAN4,2023,7.0236693548387095
2471,BPAN4,2024,8.460188679245283
2472,OFSA3,2019,33.91429292929293
2473,OFSA3,2020,28.916265060240963
2474,OFSA3,2021,29.570283400809714
2475,OFSA3,2022,22.159200000000002
2476,OFSA3,2023,23.698629032258065
2477,OFSA3,2024,23.121320754716983
2478,AZEV4,2019,1.073080808080808
2479,AZEV4,2020,1.5606827309236948
2480,AZEV4,2021,2.439595141700405
2481,AZEV4,2022,2.02072
2482,AZEV4,2023,1.9018548387096774
2483,AZEV4,2024,1.5653846153846156
2484,UNIP5,2019,19.754228187919463
2485,UNIP5,2020,19.592307692307692
2486,UNIP5,2021,54.423804347826085
2487,UNIP5,2022,83.61018404907975
2488,UNIP5,2023,81.63726708074535
2489,UNIP5,2024,73.18409090909091
2490,GETT3,2021,2.207254901960784
2491,GETT3,2022,2.045863453815261
2492,GETT4,2021,1.8894117647058823
2493,GETT4,2022,2.0459437751004015
2494,CRIV4,2019,5.432
2495,CRIV4,2020,5.580091324200913
2496,CRIV4,2021,5.417268292682927
2497,CRIV4,2022,4.6946666666666665
2498,CRIV4,2023,5.373758865248227
2499,CRIV4,2024,6.148367346938775
2500,VIVA3,2019,24.192592592592593
2501,VIVA3,2020,22.77606425702811
2502,VIVA3,2021,27.432267206477736
2503,VIVA3,2022,23.87784
2504,VIVA3,2023,25.810604838709676
2505,VIVA3,2024,33.24716981132075
2506,TCNO4,2019,1.05125
2507,TCNO4,2020,1.4867469879518072
2508,TCNO4,2021,2.18919028340081
2509,TCNO4,2022,1.1577669902912622
2510,BSLI3,2019,3.195
2511,BSLI3,2020,11.031538461538462
2512,BSLI3,2021,33.375416666666666
2513,BSLI3,2022,21.691333333333336
2514,BSLI3,2023,14.237200000000001
2515,BSLI3,2024,12.7015625
2516,ALLD3,2021,20.072651933701657
2517,ALLD3,2022,9.90928
2518,ALLD3,2023,5.41141129032258
2519,ALLD3,2024,7.124905660377358
2520,PETZ3,2020,16.952533333333335
2521,PETZ3,2021,22.187085020242915
2522,PETZ3,2022,12.13308
2523,PETZ3,2023,5.79625
2524,PETZ3,2024,3.725769230769231
2525,RPAD5,2019,6.213653846153846
2526,RPAD5,2020,7.33775
2527,RPAD5,2021,7.556949152542373
2528,RPAD5,2022,6.707260273972603
2529,RPAD5,2023,6.839189189189189
2530,RPAD5,2024,7.85125
2531,PNVL4,2019,10.811666666666667
2532,PNVL4,2020,19.605851528384278
2533,PNVL4,2021,19.312260273972605
2534,DEXP3,2019,4.1401522842639595
2535,DEXP3,2020,10.457751004016064
2536,DEXP3,2021,17.93267206477733
2537,DEXP3,2022,7.52852
2538,DEXP3,2023,9.241612903225807
2539,DEXP3,2024,12.07622641509434
2540,JSLG3,2020,9.2472131147541
2541,JSLG3,2021,9.036923076923076
2542,JSLG3,2022,6.19492
2543,JSLG3,2023,8.098145161290322
2544,JSLG3,2024,11.738301886792453
2545,JALL3,2021,8.43744394618834
2546,JALL3,2022,8.0268
2547,JALL3,2023,7.6144354838709685
2548,JALL3,2024,7.496923076923077
2549,SEER3,2019,22.421111111111113
2550,SEER3,2020,17.52714859437751
2551,SEER3,2021,13.63408906882591
2552,SEER3,2022,7.98376
2553,SEER3,2023,5.0784677419354844
2554,SEER3,2024,6.440961538461538
2555,BMEB4,2019,3.9636363636363634
2556,BMEB4,2020,5.884216867469879
2557,BMEB4,2021,7.920284552845529
2558,BMEB4,2022,9.176144578313254
2559,BMEB4,2023,10.901451612903225
2560,BMEB4,2024,22.796981132075473
2561,PORT3,2019,37.17151515151515
2562,PORT3,2020,39.36895582329318
2563,PORT3,2021,48.151784232365145
2564,PORT3,2022,8.62408
2565,PORT3,2023,11.891451612903225
2566,PORT3,2024,17.073076923076922
2567,KLBN4,2019,2.491060606060606
2568,KLBN4,2020,3.593614457831325
2569,KLBN4,2021,4.29919028340081
2570,KLBN4,2022,3.7611999999999997
2571,KLBN4,2023,4.075362903225806
2572,KLBN4,2024,4.378679245283019
2573,IFCM3,2021,17.1205421686747
2574,IFCM3,2022,8.03844
2575,IFCM3,2023,1.8543145161290322
2576,IFCM3,2024,1.435
2577,RPAD3,2019,5.275925925925925
2578,RPAD3,2020,6.063779069767442
2579,RPAD3,2021,7.054232804232805
2580,RPAD3,2022,6.720121951219512
2581,RPAD3,2023,7.279871794871795
2582,RPAD3,2024,8.123793103448277
2583,EQPA3,2019,2.54
2584,EQPA3,2020,2.701726907630522
2585,EQPA3,2021,4.083724696356275
2586,EQPA3,2022,5.4868699186991865
2587,EQPA3,2023,6.275532786885246
2588,EQPA3,2024,7.865094339622642
2589,RANI3,2019,2.3152331606217613
2590,RANI3,2020,3.4701606425702813
2591,RANI3,2021,5.791255060728745
2592,RANI3,2022,6.40164
2593,RANI3,2023,9.324637096774195
2594,RANI3,2024,9.836153846153847
2595,ATOM3,2019,1.4803535353535355
2596,ATOM3,2020,2.043855421686747
2597,ATOM3,2021,4.833036437246964
2598,ATOM3,2022,2.44736
2599,ATOM3,2023,2.3393145161290323
2600,ATOM3,2024,2.0545283018867924
2601,TEKA4,2019,7.565126582278481
2602,TEKA4,2020,8.955593220338983
2603,TEKA4,2021,16.18974358974359
2604,TEKA4,2022,14.300521327014218
2605,TEKA4,2023,15.826939890710381
2606,TEKA4,2024,30.45783783783784
2607,SLED4,2019,57.15075757575758
2608,SLED4,2020,33.827710843373495
2609,SLED4,2021,17.367975708502026
2610,SLED4,2022,4.7894758064516125
2611,SLED4,2023,1.6344502617801047
2612,GOAU4,2019,4.328888888888889
2613,GOAU4,2020,5.219759036144579
2614,GOAU4,2021,8.691093117408906
2615,GOAU4,2022,9.28944
2616,GOAU4,2023,10.740483870967742
2617,GOAU4,2024,9.99173076923077
2618,SULA11,2019,36.64176767676768
2619,SULA11,2020,41.17859437751004
2620,SULA11,2021,30.823117408906885
2621,SULA11,2022,25.170447154471546
2622,USIM6,2019,7.286538461538461
2623,USIM6,2020,9.304722222222223
2624,USIM6,2021,19.18130434782609
2625,USIM6,2022,16.552333333333333
2626,USIM6,2023,14.8995
2627,USIM6,2024,15.829999999999998
2628,HBRE3,2021,14.728874458874458
2629,HBRE3,2022,5.8202799999999995
2630,HBRE3,2023,4.815806451612903
2631,HBRE3,2024,5.155576923076922
2632,EQPA6,2020,10.276153846153846
2633,EQPA6,2022,9.64
2634,EQPA6,2023,10.04
2635,EQPA6,2024,8.203333333333333
2636,SOND5,2019,22.110967741935482
2637,SOND5,2020,36.104285714285716
2638,SOND5,2021,37.31975
2639,SOND5,2022,32.8125
2640,SOND5,2023,40.763333333333335
2641,SOND5,2024,52.9
2642,LJQQ3,2020,14.115918367346938
2643,LJQQ3,2021,16.653967611336032
2644,LJQQ3,2022,6.90912
2645,LJQQ3,2023,4.47008064516129
2646,LJQQ3,2024,5.284716981132075
2647,ELET3,2019,32.25818181818182
2648,ELET3,2020,28.515220883534138
2649,ELET3,2021,35.61230769230769
2650,ELET3,2022,41.2578
2651,ELET3,2023,36.88185483870968
2652,ELET3,2024,42.4977358490566
2653,CAML3,2019,6.101515151515151
2654,CAML3,2020,9.458955823293174
2655,CAML3,2021,9.315182186234818
2656,CAML3,2022,8.99412
2657,CAML3,2023,7.360282258064516
2658,CAML3,2024,8.51566037735849
2659,AMBP3,2020,28.020169491525426
2660,AMBP3,2021,37.90647773279352
2661,AMBP3,2022,29.62948
2662,AMBP3,2023,20.080282258064514
2663,AMBP3,2024,14.775471698113208
2664,CSUD3,2019,6.37040404040404
2665,CSUD3,2020,11.791526104417672
2666,CSUD3,2021,18.365141700404855
2667,CSUD3,2022,13.100483870967743
2668,CSUD3,2023,13.449758064516129
2669,CSUD3,2024,19.192115384615384
2670,MTRE3,2020,10.751022222222222
2671,MTRE3,2021,8.490647773279353
2672,MTRE3,2022,4.46392
2673,MTRE3,2023,4.554354838709678
2674,MTRE3,2024,5.202884615384615
2675,AURE3,2022,11.263229166666667
2676,AURE3,2023,12.063991935483871
2677,AURE3,2024,12.531538461538462
2678,VALE3,2019,31.99767676767677
2679,VALE3,2020,38.60281124497992
2680,VALE3,2021,70.71497975708502
2681,VALE3,2022,68.51052
2682,VALE3,2023,67.55524193548388
2683,VALE3,2024,65.21094339622641
2684,KRSA3,2021,6.425157894736842
2685,KRSA3,2022,2.91208
2686,KRSA3,2023,1.071209677419355
2687,KRSA3,2024,1.0135849056603774
2688,EKTR3,2019,14.612222222222222
2689,EKTR3,2020,15.839736842105262
2690,EKTR3,2021,27.361346153846153
2691,EKTR3,2022,27.694347826086958
2692,EKTR3,2023,32.53058823529412
2693,EKTR3,2024,43.9975
2694,PTNT4,2019,3.4869999999999997
2695,PTNT4,2020,4.474939759036144
2696,PTNT4,2021,5.538987854251012
2697,PTNT4,2022,5.67452
2698,PTNT4,2023,7.119516129032259
2699,PTNT4,2024,7.99811320754717
2700,BAZA3,2019,27.339482758620687
2701,BAZA3,2020,33.217975708502024
2702,BAZA3,2021,37.15991304347826
2703,BAZA3,2022,41.58297520661157
2704,BAZA3,2023,69.67798387096774
2705,BAZA3,2024,91.04641509433962
2706,MULT3,2019,24.956060606060607
2707,MULT3,2020,22.35413654618474
2708,MULT3,2021,20.951376518218623
2709,MULT3,2022,22.143240000000002
2710,MULT3,2023,25.017822580645163
2711,MULT3,2024,27.01924528301887
2712,GGBR4,2019,10.549191919191918
2713,GGBR4,2020,13.10140562248996
2714,GGBR4,2021,21.91825910931174
2715,GGBR4,2022,23.2396
2716,GGBR4,2023,24.822620967741937
2717,GGBR4,2024,21.518076923076926
2718,BPAC3,2019,5.5961271676300575
2719,BPAC3,2020,8.780481171548116
2720,BPAC3,2021,14.137004048582996
2721,BPAC3,2022,13.113
2722,BPAC3,2023,13.531975806451612
2723,BPAC3,2024,17.867169811320757
2724,BMEB3,2019,4.2865573770491805
2725,BMEB3,2020,6.616736842105263
2726,BMEB3,2021,8.935
2727,BMEB3,2022,11.236524822695035
2728,BMEB3,2023,12.592340425531916
2729,BMEB3,2024,23.61636363636364
2730,SGPS3,2019,11.092323232323233
2731,SGPS3,2020,7.689718875502008
2732,SGPS3,2021,8.374493927125506
2733,SGPS3,2022,3.59068
2734,SGPS3,2023,1.7155645161290323
2735,SGPS3,2024,1.0867307692307693
2736,AGXY3,2021,8.569357798165138
2737,AGXY3,2022,8.93224
2738,AGXY3,2023,6.183870967741935
2739,AGXY3,2024,2.38
2740,CAMB4,2019,4.285668789808917
2741,TRPL4,2019,16.812878787878788
2742,TRPL4,2020,17.060321285140564
2743,TRPL4,2021,21.731336032388665
2744,TRPL4,2022,22.23236
2745,TRPL4,2023,22.093870967741935
2746,TRPL4,2024,25.914716981132077
2747,MOVI3,2019,12.823131313131313
2748,MOVI3,2020,14.443373493975905
2749,MOVI3,2021,16.38251012145749
2750,MOVI3,2022,13.33724
2751,MOVI3,2023,9.906733870967741
2752,MOVI3,2024,9.371153846153847
2753,CGRA4,2019,18.878888888888888
2754,CGRA4,2020,22.673534136546184
2755,CGRA4,2021,31.504210526315788
2756,CGRA4,2022,29.258080000000003
2757,CGRA4,2023,26.140564516129032
2758,CGRA4,2024,26.05547169811321
2759,FESA4,2019,4.128434343434344
2760,FESA4,2020,3.8102409638554215
2761,FESA4,2021,9.073643724696357
2762,FESA4,2022,11.4794
2763,FESA4,2023,12.209395161290322
2764,FESA4,2024,10.014150943396226
2765,SMLS3,2019,31.13287878787879
2766,SMLS3,2020,15.942248995983935
2767,SMLS3,2021,20.041057692307692
2768,WHRL3,2019,4.054261363636363
2769,WHRL3,2020,6.1013306451612905
2770,WHRL3,2021,6.281219512195122
2771,WHRL3,2022,4.797591836734695
2772,WHRL3,2023,4.198291666666667
2773,WHRL3,2024,4.2750980392156865
2774,BAHI3,2019,17.06657894736842
2775,BAHI3,2020,16.338767772511847
2776,BAHI3,2021,15.453738738738739
2777,BAHI3,2022,12.965299145299145
2778,BAHI3,2023,9.810134529147982
2779,BAHI3,2024,7.266274509803921
2780,RENT3,2019,38.52878787878788
2781,RENT3,2020,45.8725702811245
2782,RENT3,2021,56.82676113360324
2783,RENT3,2022,55.6714
2784,RENT3,2023,58.90729838709677
2785,RENT3,2024,55.75576923076923
2786,HBTS5,2019,10.062608695652173
2787,HBTS5,2020,17.957350427350427
2788,HBTS5,2021,43.15221476510067
2789,HBTS5,2022,37.42932038834951
2790,HBTS5,2023,41.38461538461539
2791,HBTS5,2024,38.683793103448274
2792,USIM3,2019,8.387727272727272
2793,USIM3,2020,7.919598393574297
2794,USIM3,2021,15.101700404858299
2795,USIM3,2022,9.530719999999999
2796,USIM3,2023,7.293588709677419
2797,USIM3,2024,9.237358490566038
2798,ENAT3,2019,10.106511627906976
2799,ENAT3,2020,9.866064257028112
2800,ENAT3,2021,12.998825910931174
2801,ENAT3,2022,16.52084
2802,ENAT3,2023,14.31975806451613
2803,ENAT3,2024,21.605384615384615
2804,CIEL3,2019,6.290454545454545
2805,CIEL3,2020,3.9993172690763052
2806,CIEL3,2021,2.6987854251012147
2807,CIEL3,2022,3.6408
2808,CIEL3,2023,4.279556451612903
2809,CIEL3,2024,5.049056603773585
2810,RNEW3,2019,7.260421052631579
2811,RNEW3,2020,3.8217670682730924
2812,RNEW3,2021,3.854534412955466
2813,RNEW3,2022,2.1643600000000003
2814,RNEW3,2023,1.5363306451612904
2815,RNEW3,2024,1.3166037735849057
2816,RPAD6,2019,5.261666666666667
2817,RPAD6,2020,6.539259259259259
2818,RPAD6,2021,5.616260162601626
2819,RPAD6,2022,4.908823529411765
2820,RPAD6,2023,6.9068
2821,RPAD6,2024,8.0456
2822,DMMO11,2020,0.5541935483870968
2823,DMMO11,2021,0.3787854251012146
2824,DMMO11,2022,0.34552
2825,DMMO11,2023,0.33
2826,FRAS3,2019,4.264646464646464
2827,FRAS3,2020,5.264939759036145
2828,FRAS3,2021,12.327044534412956
2829,FRAS3,2022,11.27844
2830,FRAS3,2023,12.379798387096775
2831,FRAS3,2024,16.04576923076923
2832,IGTI11,2021,18.848148148148148
2833,IGTI11,2022,19.061400000000003
2834,IGTI11,2023,20.579879032258066
2835,IGTI11,2024,23.71519230769231
2836,BHIA3,2019,166.63762626262627
2837,BHIA3,2020,370.7068273092369
2838,BHIA3,2021,279.65384615384613
2839,BHIA3,2022,78.47
2840,BHIA3,2023,40.34766129032258
2841,BHIA3,2024,8.812452830188679
2842,GPIV33,2019,5.338670212765957
2843,GPIV33,2020,4.654578313253012
2844,GPIV33,2021,5.549878542510121
2845,GPIV33,2022,4.31536
2846,GPIV33,2023,2.8332258064516127
2847,GPIV33,2024,2.998076923076923
2848,BRIT3,2021,9.00556603773585
2849,BRIT3,2022,3.10472
2850,BRIT3,2023,2.7994758064516128
2851,BRIT3,2024,3.301320754716981
